S1,S2,VECM(q),mu,Johansen_slope,stdev,model,w1,w2
BTCUSDT,ETHUSDT,0.0,0.0,0.0,0.0008893090751426558,1.0,-0.4346176712259919,0.5653823287740081
