S1,S2,VECM(q),mu,Johansen_slope,stdev,model,w1,w2
BTCUSDT,ETHUSDT,0.0,-0.40201620514025216,0.0,0.0006269245239118027,3.0,-0.4490878943935949,0.550912105606405
