S1,S2,VECM(q),mu,Johansen_slope,stdev,model,w1,w2
BTCUSDT,ETHUSDT,1.0,-4.839043900859629,0.0,0.0024478602344711596,3.0,-0.6893400156945121,0.3106599843054879
