S1,S2,VECM(q),mu,Johansen_slope,stdev,model,w1,w2
BTCUSDT,ETHUSDT,0.0,0.0,0.0,0.0017636802151372378,1.0,-0.42243105225532956,0.5775689477446704
