S1,S2,VECM(q),mu,Johansen_slope,stdev,model,w1,w2
BTCUSDT,ETHUSDT,0.0,0.0,0.0,0.005580652169004474,1.0,-0.4255227582277687,0.5744772417722314
