S1,S2,VECM(q),mu,Johansen_slope,stdev,model,w1,w2
BTCUSDT,ETHUSDT,0.0,-2.8997532141225992,0.0,0.0023655638937442147,2.0,-0.5643346152428721,0.43566538475712796
