S1,S2,VECM(q),mu,Johansen_slope,stdev,model,w1,w2
BTCUSDT,ETHUSDT,0.0,-4.2214959045443905,0.0,0.003058926134602715,2.0,-0.6552842948757801,0.34471570512421984
