S1,S2,VECM(q),mu,Johansen_slope,stdev,model,w1,w2
BTCUSDT,ETHUSDT,0.0,-7.425319986769772,3.80906317484001e-05,0.001075918250941221,5.0,-0.8079677456139324,0.19203225438606766
