S1,S2,VECM(q),mu,Johansen_slope,stdev,model,w1,w2
BTCUSDT,ETHUSDT,0.0,0.0,0.0,0.0011024514414398998,1.0,-0.42927926949479484,0.5707207305052052
