S1,S2,VECM(q),mu,Johansen_slope,stdev,model,w1,w2
BTCUSDT,ETHUSDT,0.0,7.827888573823611,0.0,0.002036202354542782,2.0,0.8345845545455103,-0.1654154454544897
