S1,S2,VECM(q),mu,Johansen_slope,stdev,model,w1,w2
BTCUSDT,ETHUSDT,0.0,0.0,0.0,0.001036969567936386,1.0,-0.4324473798075715,0.5675526201924286
