S1,S2,VECM(q),mu,Johansen_slope,stdev,model,w1,w2
BTCUSDT,ETHUSDT,1.0,0.0,0.0,0.0016493738720678964,1.0,-0.42857697649626,0.5714230235037401
