S1,S2,VECM(q),mu,Johansen_slope,stdev,model,w1,w2
BTCUSDT,ETHUSDT,0.0,0.0,0.0,0.0010351327304206955,1.0,-0.43404837665059226,0.5659516233494077
