S1,S2,VECM(q),mu,Johansen_slope,stdev,model,w1,w2
BTCUSDT,ETHUSDT,0.0,0.0,0.0,0.0018394041773752026,1.0,-0.41475588288209464,0.5852441171179054
