S1,S2,VECM(q),mu,Johansen_slope,stdev,model,w1,w2
BTCUSDT,ETHUSDT,0.0,-2.9772974203680698,0.0,0.0009490159353789965,2.0,-0.5902886869246362,0.4097113130753638
