S1,S2,VECM(q),mu,Johansen_slope,stdev,model,w1,w2
BTCUSDT,ETHUSDT,0.0,5.264055797629329,0.0,0.00335575577050894,2.0,-0.15673123070971837,0.8432687692902816
