S1,S2,VECM(q),mu,Johansen_slope,stdev,model,w1,w2
BTCUSDT,ETHUSDT,2.0,0.0,0.0,0.0014760394312844933,1.0,-0.4288121385054042,0.5711878614945959
