S1,S2,VECM(q),mu,Johansen_slope,stdev,model,w1,w2
BTCUSDT,ETHUSDT,0.0,0.0,0.0,0.0011788176367157766,1.0,-0.41822314375734665,0.5817768562426533
