S1,S2,VECM(q),mu,Johansen_slope,stdev,model,w1,w2
BTCUSDT,ETHUSDT,1.0,-7.160378604435741,0.0,0.0023450318819700647,3.0,-0.811563648531293,0.1884363514687069
