S1,S2,VECM(q),mu,Johansen_slope,stdev,model,w1,w2
BTCUSDT,ETHUSDT,0.0,0.0,0.0,0.004556823811117842,1.0,-0.43196451415637305,0.568035485843627
