S1,S2,VECM(q),mu,Johansen_slope,stdev,model,w1,w2
BTCUSDT,ETHUSDT,0.0,-4.135344531102894,0.0,0.0012726413563789955,2.0,-0.6397362505468264,0.3602637494531736
