S1,S2,VECM(q),mu,Johansen_slope,stdev,model,w1,w2
BTCUSDT,ETHUSDT,0.0,0.0,0.0,0.0012309536710837308,1.0,-0.4284045084429912,0.5715954915570088
