S1,S2,VECM(q),mu,Johansen_slope,stdev,model,w1,w2
BTCUSDT,ETHUSDT,0.0,0.0,0.0,0.0011272870651182247,1.0,-0.4303967292006093,0.5696032707993907
