S1,S2,VECM(q),mu,Johansen_slope,stdev,model,w1,w2
BTCUSDT,ETHUSDT,0.0,2.747974943449979,-4.1718672943994965e-05,0.0008261041974840774,4.0,0.5577496564290204,-0.44225034357097964
