S1,S2,VECM(q),mu,Johansen_slope,stdev,model,w1,w2
BTCUSDT,ETHUSDT,1.0,-5.643303095435254,-3.810628271513614e-07,0.00223776840844141,4.0,-0.7283383476602273,0.27166165233977263
