S1,S2,VECM(q),mu,Johansen_slope,stdev,model,w1,w2
BTCUSDT,ETHUSDT,0.0,-5.366431163330313,0.0,0.0006855014726039559,3.0,-0.721121185865099,0.27887881413490107
