S1,S2,VECM(q),mu,Johansen_slope,stdev,model,w1,w2
BTCUSDT,ETHUSDT,0.0,-3.3690355072516014,0.0,0.0006239214964019545,3.0,-0.6082589167963093,0.3917410832036907
