S1,S2,VECM(q),mu,Johansen_slope,stdev,model,w1,w2
BTCUSDT,ETHUSDT,0.0,0.0,0.0,0.0011650212675639459,1.0,-0.43441520194780797,0.565584798052192
