S1,S2,VECM(q),mu,Johansen_slope,stdev,model,w1,w2
BTCUSDT,ETHUSDT,0.0,1.0462344745097436,2.7606737430004986e-05,0.0005545963401393517,4.0,0.4623541190379083,-0.5376458809620918
