S1,S2,VECM(q),mu,Johansen_slope,stdev,model,w1,w2
BTCUSDT,ETHUSDT,0.0,-3.3751427298883034,0.0,0.0006244805756355372,3.0,-0.6087110223471262,0.3912889776528738
