S1,S2,VECM(q),mu,Johansen_slope,stdev,model,w1,w2
BTCUSDT,ETHUSDT,0.0,0.0,0.0,0.0008172029398334128,1.0,-0.4062180460959442,0.5937819539040559
