S1,S2,VECM(q),mu,Johansen_slope,stdev,model,w1,w2
BTCUSDT,ETHUSDT,0.0,0.0,0.0,0.0031006259369112488,1.0,-0.4081251506872196,0.5918748493127804
