S1,S2,VECM(q),mu,Johansen_slope,stdev,model,w1,w2
BTCUSDT,ETHUSDT,0.0,0.0,0.0,0.0009681280999690341,1.0,-0.43020122822553825,0.5697987717744618
