S1,S2,VECM(q),mu,Johansen_slope,stdev,model,w1,w2
BTCUSDT,ETHUSDT,0.0,-3.4458499778272795,-4.77626527213552e-07,0.000924239657117398,4.0,-0.6137633514156674,0.3862366485843326
