S1,S2,VECM(q),mu,Johansen_slope,stdev,model,w1,w2
BTCUSDT,ETHUSDT,0.0,4.9573583543049855,0.0,0.0009680387711516956,2.0,0.6768271269147649,-0.3231728730852351
