S1,S2,VECM(q),mu,Johansen_slope,stdev,model,w1,w2
BTCUSDT,ETHUSDT,0.0,-2.1415376942220368,-0.00029247024298502974,0.0017513459794698833,4.0,0.28563384880551357,-0.7143661511944864
