S1,S2,VECM(q),mu,Johansen_slope,stdev,model,w1,w2
BTCUSDT,ETHUSDT,0.0,-1.7826420863081158,3.3937331556764015e-05,0.0008449345940649974,5.0,-0.5235414079470911,0.4764585920529089
