S1,S2,VECM(q),mu,Johansen_slope,stdev,model,w1,w2
BTCUSDT,ETHUSDT,0.0,-6.618235825726913,0.0,0.0009429376993258511,2.0,-0.7724312861382361,0.2275687138617639
