S1,S2,VECM(q),mu,Johansen_slope,stdev,model,w1,w2
BTCUSDT,ETHUSDT,4.0,-4.208056842854426,0.0,0.0007097929717169236,3.0,-0.6548532055757957,0.3451467944242042
