S1,S2,VECM(q),mu,Johansen_slope,stdev,model,w1,w2
BTCUSDT,ETHUSDT,0.0,-3.9829822223602034,0.0,0.0005332731748117474,3.0,-0.643749712876465,0.356250287123535
