S1,S2,VECM(q),mu,Johansen_slope,stdev,model,w1,w2
BTCUSDT,ETHUSDT,0.0,2.82546691345115,-1.1617208403489508e-05,0.0003908631876621769,4.0,0.5794669305245022,-0.42053306947549784
