S1,S2,VECM(q),mu,Johansen_slope,stdev,model,w1,w2
BTCUSDT,ETHUSDT,0.0,1.7469451782878724,-7.654429935194043e-05,0.001078697978712614,4.0,0.513040654927902,-0.486959345072098
