S1,S2,VECM(q),mu,Johansen_slope,stdev,model,w1,w2
BTCUSDT,ETHUSDT,0.0,0.0,0.0,0.0012669857156231712,1.0,-0.43182832292581935,0.5681716770741807
