S1,S2,VECM(q),mu,Johansen_slope,stdev,model,w1,w2
BTCUSDT,ETHUSDT,0.0,-10.055005822392918,-0.0001279752968282125,0.0019727529775144296,4.0,-0.6846151247317057,-0.3153848752682944
