S1,S2,VECM(q),mu,Johansen_slope,stdev,model,w1,w2
BTCUSDT,ETHUSDT,0.0,0.0,0.0,0.0015580122158831667,1.0,-0.43170682388676634,0.5682931761132337
