S1,S2,VECM(q),mu,Johansen_slope,stdev,model,w1,w2
BTCUSDT,ETHUSDT,0.0,0.0,0.0,0.0015307048443580088,1.0,-0.4108599244944504,0.5891400755055497
