S1,S2,VECM(q),mu,Johansen_slope,stdev,model,w1,w2
BTCUSDT,ETHUSDT,0.0,1.029215677997258,0.0,0.0005315258632320559,2.0,0.4616772942010581,-0.5383227057989419
