S1,S2,VECM(q),mu,Johansen_slope,stdev,model,w1,w2
BTCUSDT,ETHUSDT,0.0,9.70421485280379,0.0,0.002817009312183455,3.0,0.559517602129881,0.44048239787011906
