S1,S2,VECM(q),mu,Johansen_slope,stdev,model,w1,w2
BTCUSDT,ETHUSDT,0.0,-6.105056176435868,0.0,0.0018197751402427198,3.0,-0.7374252217590408,0.2625747782409592
