S1,S2,VECM(q),mu,Johansen_slope,stdev,model,w1,w2
BTCUSDT,ETHUSDT,0.0,0.0,0.0,0.0015353114413505452,1.0,-0.43005966628927966,0.5699403337107204
