S1,S2,VECM(q),mu,Johansen_slope,stdev,model,w1,w2
BTCUSDT,ETHUSDT,0.0,-1.7831935779890982,0.0,0.0018552483126347353,3.0,-0.5207864092461472,0.4792135907538528
