S1,S2,VECM(q),mu,Johansen_slope,stdev,model,w1,w2
BTCUSDT,ETHUSDT,1.0,0.0,0.0,0.0006958592134127869,1.0,-0.4334536258749711,0.566546374125029
