S1,S2,VECM(q),mu,Johansen_slope,stdev,model,w1,w2
BTCUSDT,ETHUSDT,0.0,-5.715227926395604,-5.53238571313882e-05,0.001228133806096386,4.0,-0.7332744898733851,0.26672551012661494
