S1,S2,VECM(q),mu,Johansen_slope,stdev,model,w1,w2
BTCUSDT,ETHUSDT,0.0,0.0,0.0,0.001849279663894614,1.0,-0.40404078348386113,0.5959592165161389
