S1,S2,VECM(q),mu,Johansen_slope,stdev,model,w1,w2
BTCUSDT,ETHUSDT,0.0,0.0,0.0,0.0008984731027882716,1.0,-0.43461955032552,0.56538044967448
