S1,S2,VECM(q),mu,Johansen_slope,stdev,model,w1,w2
BTCUSDT,ETHUSDT,0.0,0.0,0.0,0.0014360532824135486,1.0,-0.4302193566512178,0.5697806433487822
