S1,S2,VECM(q),mu,Johansen_slope,stdev,model,w1,w2
BTCUSDT,ETHUSDT,3.0,0.0,0.0,0.0028233737322916393,1.0,-0.42157028866979807,0.5784297113302019
