S1,S2,VECM(q),mu,Johansen_slope,stdev,model,w1,w2
BTCUSDT,ETHUSDT,0.0,1.5802427788952045,0.0,0.000991858712107297,3.0,-0.3459132691347397,0.6540867308652603
