S1,S2,VECM(q),mu,Johansen_slope,stdev,model,w1,w2
BTCUSDT,ETHUSDT,0.0,-6.788658532018166,6.31745590506479e-05,0.0009876135085764176,4.0,-0.7993448650167762,0.20065513498322385
