S1,S2,VECM(q),mu,Johansen_slope,stdev,model,w1,w2
BTCUSDT,ETHUSDT,0.0,-3.6812725498789685,0.0,0.0010098291503239471,2.0,-0.6276935172071092,0.37230648279289086
