S1,S2,VECM(q),mu,Johansen_slope,stdev,model,w1,w2
BTCUSDT,ETHUSDT,0.0,2.7015618736406197,6.41434179544391e-05,0.0007083866221198599,4.0,0.5741054092420581,-0.42589459075794184
