S1,S2,VECM(q),mu,Johansen_slope,stdev,model,w1,w2
BTCUSDT,ETHUSDT,0.0,0.0,0.0,0.0006663359119810412,1.0,-0.43274901865733384,0.5672509813426662
