S1,S2,VECM(q),mu,Johansen_slope,stdev,model,w1,w2
BTCUSDT,ETHUSDT,0.0,-0.5008973237552536,4.562743597643429e-05,0.001147364142709957,5.0,-0.4550721203583793,0.5449278796416207
