S1,S2,VECM(q),mu,Johansen_slope,stdev,model,w1,w2
BTCUSDT,ETHUSDT,0.0,-5.375368224726025,0.0,0.0017668244384236953,3.0,-0.6977903800347605,0.3022096199652395
