S1,S2,VECM(q),mu,Johansen_slope,stdev,model,w1,w2
BTCUSDT,ETHUSDT,0.0,-6.048744466359253,0.0,0.001113044555809655,2.0,-0.7517750916225594,0.24822490837744057
