S1,S2,VECM(q),mu,Johansen_slope,stdev,model,w1,w2
BTCUSDT,ETHUSDT,0.0,-10.824549350380954,0.0,0.0026932988738099985,2.0,-0.9553380096721723,-0.04466199032782771
