stock1,stock2,trade_capital,open,loss,reward,open_num,trading_history,trading history
BCHUSDT,COMPUSDT,1754.4047024000001,1.5,1000,4.524479400000132,1,,"[{'time': 124, 'w1': 1.792, 'stock1_payoff': 919.6169024000001, 'w2': -1.9, 'stock2_payoff': -927.5419999999999, 'type': '下開倉'}, {'time': 130, 'w1': -1.792, 'stock1_payoff': -916.35712, 'w2': 1.9, 'stock2_payoff': 928.806697, 'type': '正常平倉'}]"
BCHUSDT,KSMUSDT,843.4024868400002,1.5,1000,1.2835329400001,1,,"[{'time': 131, 'w1': -1.108, 'stock1_payoff': -566.7420000000001, 'w2': 1.424, 'stock2_payoff': 333.33468684, 'type': '上開倉'}, {'time': 200, 'w1': 1.108, 'stock1_payoff': 568.0492461000001, 'w2': -1.424, 'stock2_payoff': -333.35839999999996, 'type': '正常平倉'}]"
BCHUSDT,XMRUSDT,416.33487216000003,1.5,1000,0.7730418000000441,1,,"[{'time': 120, 'w1': -0.392, 'stock1_payoff': -201.26848000000004, 'w2': 1.132, 'stock2_payoff': 235.19324016000002, 'type': '上開倉'}, {'time': 224, 'w1': 0.392, 'stock1_payoff': 200.39120164000005, 'w2': -1.132, 'stock2_payoff': -233.54291999999998, 'type': '正常平倉'}]"
BNBUPUSDT,BNBUSDT,434.448206379,1.5,1000,1.2390677989999972,1,,"[{'time': 122, 'w1': -0.292, 'stock1_payoff': -146.87629199999998, 'w2': 1.26, 'stock2_payoff': 302.259543579, 'type': '下開倉'}, {'time': 193, 'w1': 0.292, 'stock1_payoff': 144.70513621999999, 'w2': -1.26, 'stock2_payoff': -298.84932000000003, 'type': '正常平倉'}]"
LTCUSDT,XMRUSDT,128.65570336000002,1.5,1000,0.1137642200000002,1,,"[{'time': 122, 'w1': 0.296, 'stock1_payoff': 56.025595360000004, 'w2': -0.388, 'stock2_payoff': -80.70012000000001, 'type': '下開倉'}, {'time': 135, 'w1': -0.296, 'stock1_payoff': -55.51183999999999, 'w2': 0.388, 'stock2_payoff': 80.30012886, 'type': '正常平倉'}]"
