S1,S2,VECM(q),mu,Johansen_slope,stdev,model,w1,w2
ATOMUSDT,FTTUSDT,0.0,0.0,0.0,0.002754584737616299,1.0,-0.5722556994897783,0.4277443005102217
FTTUSDT,LINKUSDT,0.0,0.0,0.0,0.00140538400126225,1.0,-0.467514541372678,0.532485458627322
FTTUSDT,LUNAUSDT,0.0,1.0845340485990584,0.0,0.001318527594836135,2.0,0.5606514128480032,-0.4393485871519967
FTTUSDT,WNXMUSDT,0.0,0.0,0.0,0.0017611261945817463,1.0,-0.5477729617420543,0.45222703825794586
ICPUSDT,TRBUSDT,0.0,0.0,0.0,0.004443208529986934,1.0,-0.4870166154275814,0.5129833845724187
LINKUSDT,LUNAUSDT,0.0,-0.6906129416532161,0.0,0.0013350441726266962,3.0,-0.5244663526815989,0.4755336473184011
LUNAUSDT,TORNUSDT,0.0,1.029889634525457,0.0,0.00206154504217063,2.0,-0.485783817199755,0.5142161828002451
TRBUSDT,WNXMUSDT,0.0,-0.3779090342652167,-0.00017476520868467082,0.0029394543934448663,4.0,-0.5767650080468594,0.42323499195314074
