S1,S2,VECM(q),mu,Johansen_slope,stdev,model,w1,w2
ANYUSDT,DOTUSDT,0.0,0.0,0.0,0.008068121690549905,1.0,-0.5597571164783589,0.44024288352164115
ARUSDT,AVAXUSDT,0.0,0.0,0.0,0.0033228544798548972,1.0,-0.5394614327403241,0.46053856725967596
ENSUSDT,HNTUSDT,0.0,0.0,0.0,0.003817827618472943,1.0,-0.4688277894673267,0.5311722105326733
