S1,S2,VECM(q),mu,Johansen_slope,stdev,model,w1,w2
ETCUSDT,NMRUSDT,4.0,0.7906920880896469,0.00017086144351690258,0.0015365468993486506,4.0,-0.36597000880945757,0.6340299911905424
