S1,S2,VECM(q),mu,Johansen_slope,stdev,model,w1,w2
AXSUSDT,BTGUSDT,0.0,0.0,0.0,0.006140022600002695,1.0,-0.6969494462580842,0.3030505537419158
AXSUSDT,ICPUSDT,0.0,0.3387978768718706,0.0,0.004182052073309588,3.0,-0.6339513455583481,0.3660486544416519
AXSUSDT,TORNUSDT,0.0,0.0,0.0,0.006528889851707269,1.0,-0.6868069385129849,0.31319306148701503
BTGUSDT,ICPUSDT,0.0,0.0,0.0,0.0054179538808741415,1.0,-0.4977753699909443,0.5022246300090557
BTGUSDT,NMRUSDT,0.0,0.0,0.0,0.0053278781358694184,1.0,-0.4750985550867631,0.524901444913237
BTGUSDT,TORNUSDT,0.0,0.0,0.0,0.004428946670142284,1.0,-0.4884957012842835,0.5115042987157165
LUNAUSDT,NMRUSDT,0.0,-1.207189942620292,0.0,0.0036407931080991696,2.0,0.4327817183003898,-0.5672182816996102
