S1,S2,VECM(q),mu,Johansen_slope,stdev,model,w1,w2
ATOMUSDT,BTGUSDT,0.0,-0.5350143077522107,0.0,0.006572957478770269,2.0,0.5256659999816327,-0.4743340000183674
AVAXUSDT,AXSUSDT,0.0,-1.9264363163663085,-0.0006324391114038207,0.010684526512473523,5.0,-0.7361888493026378,0.26381115069736216
BTGUSDT,LUNAUSDT,0.0,0.0,0.0,0.009136049989310275,1.0,-0.3534594326362848,0.6465405673637152
