S1,S2,VECM(q),mu,Johansen_slope,stdev,model,w1,w2
ADAUPUSDT,DOTUSDT,0.0,0.0,0.0,0.0016977908530650422,1.0,-0.389474775929526,0.610525224070474
ADAUPUSDT,ETCUSDT,0.0,1.2514484291470294,0.0,0.0016717101293223595,2.0,-0.3223207249790949,0.6776792750209051
ADAUPUSDT,LUNAUSDT,0.0,-0.1646696611287944,-0.00011545343853717281,0.0033043324978417232,5.0,-0.350928187433052,0.6490718125669481
BTGUSDT,HNTUSDT,2.0,-1.2573562115805057,0.0,0.002134678862363687,2.0,-0.6020369844527761,0.3979630155472239
DOTUSDT,NEOUSDT,0.0,0.6322120483026059,4.155719540321934e-06,0.0012072473016827687,5.0,-0.46778342571341575,0.5322165742865843
LUNAUSDT,MLNUSDT,0.0,2.8199662472020988,0.0,0.0027347733495443325,3.0,-0.24301542951109856,0.7569845704889016
