S1,S2,VECM(q),mu,Johansen_slope,stdev,model,w1,w2
LUNAUSDT,NEOUSDT,1.0,0.0,0.0,0.002788952524844609,1.0,-0.5503866021756005,0.44961339782439946
NMRUSDT,TRBUSDT,0.0,0.0,0.0,0.0033974074655288636,1.0,-0.49709339062433033,0.5029066093756697
