S1,S2,VECM(q),mu,Johansen_slope,stdev,model,w1,w2
AVAXUSDT,LINKUSDT,0.0,3.3823388131250915,0.0,0.003685261704666145,3.0,0.11675757564747181,0.8832424243525282
DOTUSDT,LUNAUSDT,1.0,0.27433612266511487,-0.0003711941384077121,0.002322764209398593,4.0,-0.46674543168336996,0.5332545683166301
