S1,S2,VECM(q),mu,Johansen_slope,stdev,model,w1,w2
ADAUPUSDT,ETCUSDT,0.0,0.0,0.0,0.004787576808659613,1.0,-0.5018237481214716,0.4981762518785285
ATOMUSDT,AXSUSDT,0.0,0.33258630722106364,-0.0003799115758633377,0.004966529502737512,4.0,-0.3346913953750998,0.6653086046249003
AVAXUSDT,DCRUSDT,0.0,0.0,0.0,0.003487891745248876,1.0,-0.5936589354194429,0.406341064580557
AXSUSDT,DCRUSDT,0.0,1.697750458468179,0.0,0.00405764323267421,3.0,-0.4841989564659234,0.5158010435340766
AXSUSDT,LINKUSDT,0.0,0.0,0.0,0.004999014819434277,1.0,-0.6428389773121987,0.35716102268780126
AXSUSDT,TRBUSDT,1.0,0.0,0.0,0.007797728034297867,1.0,-0.6856828294891831,0.3143171705108169
