S1,S2,VECM(q),mu,Johansen_slope,stdev,model,w1,w2
AVAXUSDT,ZENUSDT,0.0,1.4021488074675186,-0.00026118449257498246,0.002865645872631833,5.0,-0.3584765182880842,0.6415234817119158
DOTUSDT,LINKUSDT,0.0,0.0,0.0,0.006837654590347093,1.0,-0.4779139943833549,0.5220860056166452
