S1,S2,VECM(q),mu,Johansen_slope,stdev,model,w1,w2
ATOMUSDT,ETCUSDT,0.0,-0.903763050372066,-8.92948607765311e-05,0.0007829000154895256,4.0,0.39217464907630734,-0.6078253509236927
ATOMUSDT,ICPUSDT,0.0,-0.26840162933686157,-0.00013162743430759246,0.001264952489929598,4.0,0.4731456241216141,-0.5268543758783859
ATOMUSDT,NEOUSDT,0.0,-0.618443599313149,-9.575978110320317e-05,0.0010772557990156866,4.0,0.4151740689230153,-0.5848259310769847
ATOMUSDT,TRBUSDT,0.0,0.04675343156973019,-0.0001408124682752274,0.0013347604098070073,4.0,0.5162800280264397,-0.48371997197356026
ETCUSDT,HNTUSDT,1.0,-1.3370896467387634,-2.4605098301209223e-05,0.0009802816123224373,5.0,-0.6285710531911531,0.37142894680884686
ETCUSDT,TRBUSDT,0.0,-0.8651845571372051,0.0,0.0010520154999415848,2.0,-0.6104852553930152,0.3895147446069847
HNTUSDT,LUNAUSDT,0.0,0.0,0.0,0.0014719060296062986,1.0,-0.5564228470708072,0.4435771529291928
ICPUSDT,NMRUSDT,0.0,0.0,0.0,0.0021751885052778033,1.0,-0.49545756144681663,0.5045424385531834
ICPUSDT,TRBUSDT,0.0,0.5258537807805055,0.0,0.00148280327970328,2.0,0.570262659584074,-0.42973734041592604
