S1,S2,VECM(q),mu,Johansen_slope,stdev,model,w1,w2
AVAXUSDT,AXSUSDT,0.0,-0.9454989729791621,0.0,0.0032145254456731184,2.0,-0.5233119221990385,0.4766880778009615
AVAXUSDT,WNXMUSDT,0.0,3.652406654714488,0.0,0.0051039544466568,3.0,-0.06476810291001332,0.9352318970899867
AXSUSDT,ETCUSDT,0.0,1.1319580320431013,0.0,0.002805419175023751,3.0,-0.351973122053761,0.648026877946239
ETCUSDT,LINKUSDT,0.0,-2.836935571979186,-0.0002154460326749421,0.0036033596373193236,4.0,-0.7586786399199995,-0.24132136008000052
LUNAUSDT,WNXMUSDT,0.0,-4.078293962699239,0.0,0.005700337116570006,2.0,-0.049358443510280015,-0.95064155648972
NEOUSDT,WNXMUSDT,0.0,4.135483318840985,0.0,0.006120350752827179,3.0,0.014339489258304413,0.9856605107416956
WNXMUSDT,ZENUSDT,0.0,-3.6649222071042495,0.0,0.005119414872453538,3.0,-0.9425333844144289,0.057466615585571104
