S1,S2,VECM(q),mu,Johansen_slope,stdev,model,w1,w2
ADAUPUSDT,ETCUSDT,0.0,-1.0360128329175189,0.0,0.0015829937320562756,2.0,0.35879446701347745,-0.6412055329865225
ADAUPUSDT,FTTUSDT,0.0,0.9428708865186277,0.0,0.0015373963870993377,3.0,-0.3548834694079975,0.6451165305920025
AVAXUSDT,WNXMUSDT,2.0,-3.834997563114696,0.0,0.0030143416160443638,2.0,0.0464286823008319,-0.9535713176991681
DOTUSDT,FTTUSDT,0.0,0.0,0.0,0.001580569723973149,1.0,-0.5618330146195144,0.4381669853804856
DOTUSDT,NEOUSDT,0.0,-0.7136053747724607,-5.462827854321581e-05,0.0012568390702605982,4.0,0.4547554535735153,-0.5452445464264848
ETCUSDT,NEOUSDT,0.0,-1.103747853509941,0.0,0.0013951582672984202,3.0,-0.6247579450953454,0.3752420549046545
HNTUSDT,ZENUSDT,0.0,-2.081988098193001,0.0,0.0034777080745232707,3.0,-0.9147057569194328,0.08529424308056718
LINKUSDT,NEOUSDT,0.0,0.0,0.0,0.0014378803528553943,1.0,-0.5464045496187087,0.45359545038129134
WNXMUSDT,ZENUSDT,2.0,-1.951432927632485,3.8995606976428336e-05,0.0019990099967365543,4.0,-0.7357202669275564,0.2642797330724435
