S1,S2,VECM(q),mu,Johansen_slope,stdev,model,w1,w2
ATOMUSDT,HNTUSDT,0.0,-0.4436869268280219,0.0,0.002119725219325073,2.0,0.40442564011590226,-0.5955743598840977
AVAXUSDT,HNTUSDT,0.0,0.0,0.0,0.001824395212217884,1.0,-0.49951021281079455,0.5004897871892054
HNTUSDT,ICPUSDT,0.0,0.0,0.0,0.0030067173101451295,1.0,-0.5969770314138293,0.4030229685861707
