S1,S2,VECM(q),mu,Johansen_slope,stdev,model,w1,w2
ATOMUSDT,MLNUSDT,0.0,1.7481040048803729,0.0,0.002531369762263027,2.0,-0.38824091091817564,0.6117590890818244
ETCUSDT,NMRUSDT,0.0,-0.05394217117505022,0.00011718893654442672,0.0022074531225243325,4.0,0.46701185566998105,-0.532988144330019
ICPUSDT,LUNAUSDT,0.0,1.147043971742983,0.0,0.0030578203560804617,2.0,-0.21701400027426024,0.7829859997257398
ICPUSDT,TRBUSDT,0.0,-2.0333616976823667,0.0,0.0033909927572585096,2.0,0.21963531722925675,-0.7803646827707432
LUNAUSDT,TORNUSDT,0.0,-1.0865832786157004,-0.0004787319892315984,0.00430536769976777,4.0,-0.7765193123931989,0.2234806876068011
LUNAUSDT,TRBUSDT,0.0,0.4928948545746529,0.0,0.002276371265698485,3.0,-0.5135247659551481,0.486475234044852
LUNAUSDT,ZENUSDT,0.0,-0.2524421296916045,-0.0001989643611783779,0.0023819681013237935,4.0,-0.6536417005077022,0.34635829949229785
NEOUSDT,ZENUSDT,2.0,0.23472269064209914,6.891140529249685e-05,0.0010685000309080283,4.0,-0.4915421487667943,0.5084578512332057
