S1,S2,VECM(q),mu,Johansen_slope,stdev,model,w1,w2
BNXUSDT,LUNAUSDT,0.0,4.377051254795873,0.0,0.0034571281625053888,2.0,0.6412987759689268,0.35870122403107313
DOTUSDT,HNTUSDT,0.0,0.0,0.0,0.0030755849968527853,1.0,-0.5273824084652029,0.4726175915347971
HNTUSDT,LUNAUSDT,0.0,0.34886595563001943,0.0,0.0028322862151761007,3.0,-0.5122277288833929,0.48777227111660715
HNTUSDT,TRBUSDT,1.0,1.814404112860247,0.0,0.004130217823765617,2.0,-0.23726771766871463,0.7627322823312853
LPTUSDT,TRBUSDT,0.0,0.0,0.0,0.002866892317652793,1.0,-0.49121971788315816,0.5087802821168419
LUNAUSDT,NEOUSDT,0.0,0.0,0.0,0.0033884628239644345,1.0,0.4201442519851503,-0.5798557480148496
LUNAUSDT,TRBUSDT,0.0,3.8722787597855826,0.0003193393639988541,0.003584881549862788,5.0,0.3776987601530881,0.6223012398469119
