S1,S2,VECM(q),mu,Johansen_slope,stdev,model,w1,w2
ATOMUSDT,DCRUSDT,0.0,2.9898849525079356,-0.000622252180435489,0.005886411905399863,4.0,-0.2759235631951124,0.7240764368048875
AVAXUSDT,DCRUSDT,0.0,3.328713843639583,-0.0006324906968213451,0.004978097901042202,5.0,-0.2284030176609901,0.7715969823390099
AVAXUSDT,NMRUSDT,0.0,1.612271289480212,-0.0005297308621651898,0.006649342837991662,4.0,-0.3504150319185842,0.6495849680814159
DCRUSDT,HNTUSDT,0.0,-2.8610406438036913,0.0007319824171749297,0.00482210401225839,5.0,-0.6912140161926094,0.30878598380739064
DCRUSDT,NMRUSDT,0.0,-1.0509268019997162,0.0,0.004890224269026975,2.0,-0.554959422556455,0.44504057744354497
NEOUSDT,NMRUSDT,0.0,0.0,0.0,0.007279468733492561,1.0,-0.48218379628652197,0.5178162037134781
