S1,S2,VECM(q),mu,Johansen_slope,stdev,model,w1,w2
AVAXUSDT,ENSUSDT,0.0,2.150676235584771,-0.0004989013731720882,0.006043199125323743,4.0,-0.20603503983177332,0.7939649601682267
ENSUSDT,ICPUSDT,0.0,3.68860906985849,-0.0007130416217082082,0.008308136797968633,4.0,0.9693143626698408,-0.030685637330159207
ENSUSDT,NEOUSDT,0.0,-0.8199844476203809,0.0,0.0027705237066238224,2.0,0.3841045152634609,-0.6158954847365392
