S1,S2,VECM(q),mu,Johansen_slope,stdev,model,w1,w2
ADAUPUSDT,HNTUSDT,0.0,0.0,0.0,0.002383767431238579,1.0,-0.4300931584564201,0.5699068415435798
ADAUPUSDT,NEOUSDT,0.0,0.0,0.0,0.0018022874512401827,1.0,-0.46182331567143886,0.5381766843285613
ADAUPUSDT,WNXMUSDT,0.0,-1.7842887344566036,0.0,0.001385587869338679,2.0,0.25362932771977925,-0.7463706722802207
DOTUSDT,ETCUSDT,0.0,-3.9749171025278507,-0.00010973504453210991,0.0027791269799764284,4.0,-0.03566375475319056,-0.9643362452468095
DOTUSDT,MLNUSDT,0.0,0.0,0.0,0.0035701363046576474,1.0,-0.556811296161809,0.443188703838191
