S1,S2,VECM(q),mu,Johansen_slope,stdev,model,w1,w2
AUCTIONUSDT,DCRUSDT,0.0,0.0,0.0,0.0023351153203243664,1.0,-0.5810450285149797,0.4189549714850203
DCRUSDT,ENSUSDT,0.0,-2.4078399895526394,0.0,0.0038445848705710166,2.0,-0.7446267740697857,0.2553732259302143
DCRUSDT,ICPUSDT,0.0,0.0,0.0,0.0016523875265228444,1.0,-0.4430606544229379,0.5569393455770622
