S1,S2,VECM(q),mu,Johansen_slope,stdev,model,w1,w2
ADAUPUSDT,BTGUSDT,1.0,0.6235033017698961,-0.0003707235599563179,0.005175296525465051,4.0,-0.42323753523958013,0.5767624647604199
AVAXUSDT,DCRUSDT,4.0,-2.479407163062164,-0.0001655775373212343,0.002825195352861964,4.0,0.3176087041027154,-0.6823912958972846
AXSUSDT,NEOUSDT,1.0,1.6974589114663106,-0.00013866288013994883,0.0025476178353159916,4.0,-0.44198307313734747,0.5580169268626525
AXSUSDT,TRBUSDT,2.0,1.0618819326486655,0.0,0.003260945928340613,2.0,-0.5411145039690357,0.45888549603096435
FTTUSDT,LINKUSDT,3.0,0.0,0.0,0.0022108961959874003,1.0,-0.4823523812428721,0.517647618757128
