S1,S2,VECM(q),mu,Johansen_slope,stdev,model,w1,w2
ARUSDT,AVAXUSDT,0.0,2.2854716724134074,0.0,0.004570764926060764,2.0,-0.2173789680189977,0.7826210319810023
ARUSDT,LINKUSDT,0.0,1.1901740397185865,0.0,0.0023496016560740672,3.0,-0.28101314433805796,0.718986855661942
ARUSDT,LUNAUSDT,0.0,0.0,0.0,0.0022322576082920652,1.0,-0.4771495703930466,0.5228504296069534
LINKUSDT,LUNAUSDT,0.0,-1.1680856341603123,0.0,0.00218036264383589,2.0,-0.7015136383970263,0.2984863616029737
