S1,S2,VECM(q),mu,Johansen_slope,stdev,model,w1,w2
ADAUPUSDT,ATOMUSDT,0.0,-1.3958573267233536,0.0,0.0025164838373656364,2.0,0.20083449750813565,-0.7991655024918645
ADAUPUSDT,FILUSDT,0.0,0.0,0.0,0.006150401578875638,1.0,-0.43676815191486157,0.5632318480851384
ATOMUSDT,ZENUSDT,2.0,0.0,0.0,0.0022596188776024275,1.0,-0.5942949950348682,0.40570500496513184
DCRUSDT,FILUSDT,0.0,0.0,0.0,0.0057832900308944545,1.0,-0.46094187993552,0.5390581200644801
FILUSDT,LUNAUSDT,0.0,0.0,0.0,0.003809224422372012,1.0,-0.4384277730041117,0.5615722269958884
LINKUSDT,ZENUSDT,2.0,0.0,0.0,0.0019815258411653974,1.0,-0.5767652372324984,0.42323476276750166
LUNAUSDT,ZENUSDT,2.0,0.14287003260645004,9.912946666556025e-05,0.0016844503177281115,4.0,0.5926417640729683,-0.40735823592703163
NEOUSDT,ZENUSDT,2.0,0.0,0.0,0.0026830073926796664,1.0,-0.5344453363028524,0.4655546636971476
