S1,S2,VECM(q),mu,Johansen_slope,stdev,model,w1,w2
AVAXUSDT,DCRUSDT,0.0,0.0,0.0,0.004283006281330396,1.0,-0.6018898018246587,0.3981101981753414
AVAXUSDT,NEOUSDT,2.0,1.2564051524112192,0.0,0.0032231690719369383,2.0,-0.34782126291758636,0.6521787370824137
ETCUSDT,LINKUSDT,0.0,-0.3724554529209699,-9.027345739059618e-05,0.0017613227872657737,4.0,-0.6388718940466653,0.3611281059533347
