S1,S2,VECM(q),mu,Johansen_slope,stdev,model,w1,w2
AVAXUSDT,DCRUSDT,0.0,0.0,0.0,0.007541793073295514,1.0,-0.6623795018068858,0.33762049819311424
