S1,S2,VECM(q),mu,Johansen_slope,stdev,model,w1,w2
ENSUSDT,LINKUSDT,0.0,0.0,0.0,0.0022801396549404504,1.0,-0.44838734521452184,0.5516126547854783
ENSUSDT,LUNAUSDT,0.0,0.0,0.0,0.0030236000043713674,1.0,-0.5473976305922448,0.4526023694077553
ENSUSDT,TRBUSDT,0.0,0.531408961559827,-4.94224256874864e-05,0.00222160637233054,5.0,-0.41584733255544964,0.5841526674445504
