S1,S2,VECM(q),mu,Johansen_slope,stdev,model,w1,w2
ATOMUSDT,HNTUSDT,0.0,-2.125013506901881,-0.0003816564890230528,0.003121327221496882,4.0,0.11308739721720983,-0.8869126027827903
ATOMUSDT,LINKUSDT,0.0,-3.5410269510663124,-0.0004956659869006935,0.0032219882150800036,4.0,-0.07945967949401318,-0.9205403205059868
AXSUSDT,BTGUSDT,1.0,0.0,0.0,0.0038862646870144258,1.0,-0.6647610054588051,0.335238994541195
AXSUSDT,DOTUSDT,0.0,0.0,0.0,0.004364369154279109,1.0,-0.6139065489499175,0.3860934510500826
BTGUSDT,LINKUSDT,1.0,-1.4558810191369238,-0.0002852363051833337,0.0022688530124272688,4.0,0.2642102665122796,-0.7357897334877204
LINKUSDT,NMRUSDT,0.0,3.59673376238218,0.0005085208193773801,0.003171866176888342,4.0,0.9686875875245017,0.03131241247549835
