S1,S2,VECM(q),mu,Johansen_slope,stdev,model,w1,w2
ADAUPUSDT,ETCUSDT,1.0,0.8662834473595503,5.2072954177363754e-05,0.0018726352828140752,5.0,-0.36062359438043495,0.639376405619565
ATOMUSDT,FTTUSDT,0.0,0.0,0.0,0.0019953800708377403,1.0,-0.5812130897821569,0.4187869102178432
AVAXUSDT,LUNAUSDT,0.0,0.0,0.0,0.0022144560432522027,1.0,-0.41057268857953483,0.5894273114204652
ETCUSDT,FTTUSDT,0.0,0.0,0.0,0.001460321272166421,1.0,-0.462227523135372,0.537772476864628
ETCUSDT,LINKUSDT,0.0,0.0,0.0,0.0012674969597946323,1.0,-0.43783249498593907,0.562167505014061
FTTUSDT,LINKUSDT,0.0,0.0,0.0,0.0012503204478054228,1.0,-0.47539950364951455,0.5246004963504854
FTTUSDT,LUNAUSDT,0.0,0.0,0.0,0.00291205421147015,1.0,-0.34244248655972903,0.657557513440271
