S1,S2,VECM(q),mu,Johansen_slope,stdev,model,w1,w2
ADAUPUSDT,ATOMUSDT,0.0,0.0,0.0,0.0025184090702826344,1.0,-0.47328297529037344,0.5267170247096267
ADAUPUSDT,LINKUSDT,0.0,0.0,0.0,0.0018786783253182024,1.0,-0.464207060483923,0.535792939516077
ATOMUSDT,BNXUSDT,0.0,0.0,0.0,0.0041648470323453505,1.0,-0.5650397334131579,0.43496026658684206
ATOMUSDT,ENSUSDT,0.0,0.0,0.0,0.002421908535854933,1.0,-0.5483402394092277,0.45165976059077234
ATOMUSDT,FILUSDT,0.0,0.0,0.0,0.0024329576650785646,1.0,-0.5358481927199831,0.46415180728001704
ATOMUSDT,ICPUSDT,0.0,0.0,0.0,0.0020350720076375076,1.0,-0.5167952295138649,0.48320477048613514
ATOMUSDT,NEOUSDT,0.0,0.0,0.0,0.0022287726646688126,1.0,-0.5156904633347491,0.48430953666525084
ATOMUSDT,ZENUSDT,0.0,0.0,0.0,0.0023360895067877545,1.0,-0.5732163404224945,0.42678365957750547
AUCTIONUSDT,FTTUSDT,0.0,2.83121862715804,-0.00025433573112679356,0.001995373268338747,4.0,-0.1348601117177687,0.8651398882822313
