S1,S2,VECM(q),mu,Johansen_slope,stdev,model,w1,w2
ATOMUSDT,LUNAUSDT,0.0,0.0,0.0,0.004671221533446481,1.0,-0.3995966292334591,0.6004033707665408
LUNAUSDT,NEOUSDT,0.0,0.0,0.0,0.005445487572055892,1.0,-0.6947215991535816,0.30527840084641855
