S1,S2,VECM(q),mu,Johansen_slope,stdev,model,w1,w2
ATOMUSDT,LINKUSDT,1.0,0.0,0.0,0.002062055123670183,1.0,-0.5300372313466737,0.46996276865332637
ATOMUSDT,LUNAUSDT,0.0,-2.9414505055413143,-0.00019838682432565713,0.003235130037688107,4.0,-0.4228236866149463,-0.5771763133850537
ATOMUSDT,ZENUSDT,0.0,-1.5209283785685155,-0.0001802832411343189,0.0025827009227125004,4.0,0.35384185292176856,-0.6461581470782315
AVAXUSDT,LINKUSDT,0.0,0.0,0.0,0.002106634986096975,1.0,-0.5025020151766104,0.4974979848233896
AVAXUSDT,LUNAUSDT,0.0,-3.1457119051950366,-0.000241288506320028,0.0038410092250860755,5.0,-0.5510287015835934,-0.44897129841640654
DCRUSDT,DOTUSDT,0.0,0.0,0.0,0.005480469386109038,1.0,-0.4216747956791019,0.5783252043208982
DOTUSDT,NEOUSDT,0.0,0.0,0.0,0.0034379929034181215,1.0,-0.5109064787409556,0.48909352125904443
LINKUSDT,ZENUSDT,0.0,0.0,0.0,0.0022542036133233324,1.0,-0.5419165217197979,0.4580834782802021
