S1,S2,VECM(q),mu,Johansen_slope,stdev,model,w1,w2
ETCUSDT,LINKUSDT,0.0,-2.4400555856615065,0.0,0.001980147157296436,2.0,-0.7912332878153847,0.20876671218461523
ETCUSDT,LUNAUSDT,0.0,-2.2617902397910723,0.0,0.002235046951749464,2.0,-0.7799912644555472,0.2200087355444528
LINKUSDT,LUNAUSDT,0.0,0.0,0.0,0.002387390405637971,1.0,-0.5286715358126934,0.4713284641873067
