S1,S2,VECM(q),mu,Johansen_slope,stdev,model,w1,w2
AVAXUSDT,ETCUSDT,1.0,-3.630100704287311,0.0002471058638328406,0.008635542383737935,5.0,-0.5178488923468302,-0.48215110765316976
AVAXUSDT,LUNAUSDT,0.0,0.0,0.0,,1.0,-0.4484131892113822,0.5515868107886178
AVAXUSDT,NMRUSDT,0.0,0.0,0.0,0.0036719381019889976,1.0,-0.548942681521312,0.451057318478688
AVAXUSDT,ZENUSDT,0.0,1.3144328531105562,-0.00024405146861097187,0.0023449373430935814,5.0,-0.4245816893770206,0.5754183106229794
