S1,S2,VECM(q),mu,Johansen_slope,stdev,model,w1,w2
ADAUPUSDT,HNTUSDT,0.0,0.014944194925915607,-0.00010540993736574788,0.0019124007789364298,4.0,-0.3638508202388497,0.6361491797611503
ARUSDT,LPTUSDT,1.0,1.4895522459721082,-0.0003183124019216231,0.004498575198516103,5.0,-0.20422868880469966,0.7957713111953003
ATOMUSDT,DOTUSDT,0.0,-1.8969165371047343,0.0,0.005912846945025389,2.0,0.23017555238363385,-0.7698244476163661
LPTUSDT,NEOUSDT,1.0,0.3931147066802489,0.0,0.002646777063991958,3.0,-0.5161143748678734,0.48388562513212674
