S1,S2,VECM(q),mu,Johansen_slope,stdev,model,w1,w2
ADAUPUSDT,ATOMUSDT,0.0,1.0219780936080214,0.0,0.005588886357743957,2.0,-0.3095689271291114,0.6904310728708886
ATOMUSDT,BTGUSDT,1.0,0.0,0.0,0.003534964952118315,1.0,-0.5196955822514637,0.48030441774853627
ATOMUSDT,ETCUSDT,0.0,-0.27433840683061655,3.718595096362146e-06,0.002685024300556797,5.0,-0.5497477126834082,0.45025228731659184
ATOMUSDT,NMRUSDT,0.0,0.0,0.0,0.0034793838149416154,1.0,-0.5027142461422491,0.49728575385775087
BTGUSDT,TRBUSDT,1.0,-1.2530628841811555,0.00022913190841062712,0.0024499790220818395,5.0,-0.6489723746416,0.35102762535840004
