S1,S2,VECM(q),mu,Johansen_slope,stdev,model,w1,w2
ATOMUSDT,DCRUSDT,0.0,2.536274716132035,0.0,0.0027928872951553823,3.0,-0.31723686798447437,0.6827631320155256
ATOMUSDT,WNXMUSDT,2.0,0.0,0.0,0.004530147606871552,1.0,-0.562391308188361,0.437608691811639
AVAXUSDT,DCRUSDT,0.0,-2.580551580024955,0.0,0.0025621549458719364,2.0,0.2975387775694455,-0.7024612224305545
AVAXUSDT,FILUSDT,0.0,-1.7499082291130705,-0.0001408790839914644,0.0025383757037399472,4.0,0.3020678632203927,-0.6979321367796073
AVAXUSDT,WNXMUSDT,0.0,-1.0157349110144607,0.0,0.002489298495485807,2.0,0.3907676309945201,-0.60923236900548
DCRUSDT,FILUSDT,0.0,-1.8885205893784152,0.0,0.0027680650030532097,3.0,-0.6462943787783819,0.3537056212216181
DCRUSDT,LINKUSDT,0.0,-2.0570844872877827,0.0,0.002811589758566382,3.0,-0.6384987851048878,0.3615012148951123
DCRUSDT,WNXMUSDT,0.0,-1.504545499640679,0.0,0.0022771288723223006,2.0,-0.5972373306544567,0.4027626693455433
LINKUSDT,WNXMUSDT,0.0,0.4672587661941281,0.0,0.002892753260147732,3.0,-0.47027469101418545,0.5297253089858146
