S1,S2,VECM(q),mu,Johansen_slope,stdev,model,w1,w2
ETCUSDT,ICPUSDT,0.0,0.0,0.0,0.004552954520086083,1.0,-0.49341598449758456,0.5065840155024154
