S1,S2,VECM(q),mu,Johansen_slope,stdev,model,w1,w2
DCRUSDT,NMRUSDT,0.0,4.0694355914754805,0.0,0.0036700539500997393,3.0,0.36300450760442393,0.6369954923955761
DCRUSDT,TRBUSDT,0.0,-2.4898432130823474,-0.00014767514481690768,0.0028545221500833593,5.0,-0.7153008236639891,0.284699176336011
DCRUSDT,ZENUSDT,0.0,-2.328792353327458,-9.119522353698075e-05,0.0030541309718003003,5.0,-0.7111378279251716,0.2888621720748284
FILUSDT,LUNAUSDT,0.0,3.099091495403653,0.0,0.004239548439843484,3.0,0.5150572894212733,0.48494271057872673
FILUSDT,NMRUSDT,0.0,3.701946788654877,0.0,0.004052937919407002,3.0,0.35955482334877753,0.6404451766512226
HNTUSDT,LINKUSDT,0.0,-2.460845401129105,0.0,0.005502819690071957,2.0,-0.941530192813141,-0.05846980718685898
LINKUSDT,NMRUSDT,0.0,2.7937541395108005,-0.00011270128960263443,0.0033833412487471125,5.0,-0.12198167543924807,0.8780183245607519
LUNAUSDT,NMRUSDT,0.0,1.266280896377471,0.0,0.002074440390186633,2.0,-0.39817707509479267,0.6018229249052074
