S1,S2,VECM(q),mu,Johansen_slope,stdev,model,w1,w2
AVAXUSDT,ZENUSDT,0.0,-0.8622349966439861,0.0001796074378356623,0.0017701016150350243,5.0,-0.5645929000843999,0.43540709991560017
FXSUSDT,NEOUSDT,0.0,0.0,0.0,0.0024560874511229927,1.0,-0.5510155420637646,0.4489844579362354
NEOUSDT,TORNUSDT,0.0,0.0,0.0,0.0014909012639676448,1.0,-0.530137815964818,0.46986218403518193
