S1,S2,VECM(q),mu,Johansen_slope,stdev,model,w1,w2
ATOMUSDT,BTGUSDT,0.0,-1.6028067813570321,0.0,0.0033480751412359186,2.0,0.3610398685074291,-0.638960131492571
DOTUSDT,NEOUSDT,0.0,-0.46187764044498064,0.0,0.003376400143669328,2.0,-0.6205343274185424,0.37946567258145764
DOTUSDT,NMRUSDT,0.0,0.0,0.0,0.004354354112382157,1.0,-0.5452364277567564,0.45476357224324354
ICPUSDT,WNXMUSDT,0.0,0.0,0.0,0.0062076545338312335,1.0,-0.4742662254206858,0.5257337745793141
NEOUSDT,WNXMUSDT,0.0,0.0,0.0,0.0036289566997985173,1.0,-0.5146041627361059,0.4853958372638941
