S1,S2,VECM(q),mu,Johansen_slope,stdev,model,w1,w2
ARUSDT,BTGUSDT,3.0,0.0,0.0,0.0033243597210177883,1.0,-0.5041927127550506,0.4958072872449494
ARUSDT,DCRUSDT,2.0,-3.8807829778419447,0.0,0.0059210581524087825,2.0,-0.7398636467616997,-0.26013635323830037
ARUSDT,ENSUSDT,2.0,0.0,0.0,0.0024857723918838555,1.0,-0.5026874736671485,0.49731252633285156
ARUSDT,FILUSDT,1.0,0.0,0.0,0.00285698639619349,1.0,-0.49676128525582014,0.5032387147441798
ARUSDT,LPTUSDT,2.0,2.0138872507902046,0.0,0.004184220420580442,2.0,0.7672353927651363,-0.23276460723486372
ARUSDT,RGTUSDT,2.0,-3.694408126625381,0.0,0.007271826620720182,2.0,-0.9689528309503486,-0.03104716904965138
ARUSDT,ZENUSDT,2.0,1.8860192570973373,0.0,0.004225669076534737,2.0,0.7690466996832899,-0.23095330031671013
HNTUSDT,LINKUSDT,1.0,-0.727065436529142,0.0,0.0025031962550229737,2.0,0.35172437670015794,-0.6482756232998421
