S1,S2,VECM(q),mu,Johansen_slope,stdev,model,w1,w2
ADAUPUSDT,LINKUSDT,0.0,-3.614738797031812,0.0,0.0045557388342709225,2.0,-0.1333194833738671,-0.8666805166261329
DCRUSDT,DOTUSDT,0.0,2.1366679163634763,0.0,0.0017351543470255104,2.0,0.6581231196940251,-0.34187688030597485
DCRUSDT,FTTUSDT,0.0,-2.6488311795185244,0.0,0.0020027183808082718,3.0,-0.7210728789015117,0.2789271210984883
DCRUSDT,LINKUSDT,0.0,0.0,0.0,0.0030899222415593,1.0,-0.3997704181044555,0.6002295818955444
DCRUSDT,LUNAUSDT,0.0,-3.837571479064559,0.0,0.002474014740346214,3.0,-0.8409136591267626,0.15908634087323736
DOTUSDT,LINKUSDT,0.0,0.0,0.0,0.00225547681164984,1.0,-0.486712889863656,0.513287110136344
HNTUSDT,LINKUSDT,0.0,-2.384094099539958,0.0,0.003300795904998735,2.0,0.18848387850975212,-0.8115161214902479
HNTUSDT,LUNAUSDT,0.0,0.5638678702196143,0.0001798007664109646,0.004620856561956938,5.0,-0.473152225318528,0.5268477746814719
LINKUSDT,LUNAUSDT,0.0,-1.8255923707919834,0.0,0.003997988332609008,3.0,-0.7492702498693873,0.2507297501306127
