S1,S2,VECM(q),mu,Johansen_slope,stdev,model,w1,w2
AVAXUSDT,DCRUSDT,0.0,-4.262242292671574,-0.00010068366896798002,0.0022143399457239953,4.0,0.055760493865199656,-0.9442395061348003
AVAXUSDT,FTTUSDT,0.0,3.5367101121552205,0.00012631380310954555,0.0017078395992019906,5.0,-0.05747041048832715,0.9425295895116729
BTGUSDT,DOTUSDT,1.0,0.0,0.0,0.0015060708989446526,1.0,-0.4782207082601283,0.5217792917398717
DCRUSDT,DOTUSDT,0.0,4.251821777022364,0.0,0.0019767325881977268,3.0,0.4298114425037603,0.5701885574962398
DOTUSDT,LUNAUSDT,1.0,0.0,0.0,0.0012215395316073922,1.0,-0.505302431765889,0.494697568234111
FTTUSDT,ICPUSDT,0.0,-3.426715536346675,-0.00013692838632967615,0.0016048136011078845,5.0,-0.9235151361529681,0.07648486384703189
FTTUSDT,LUNAUSDT,0.0,-3.9816158026651003,0.0,0.0016969777945709489,2.0,-0.47367563425163045,-0.5263243657483695
