S1,S2,VECM(q),mu,Johansen_slope,stdev,model,w1,w2
AXSUSDT,LINKUSDT,0.0,-2.4498247875925268,-0.00017957304872096418,0.0020756152015111652,4.0,0.20838138500517892,-0.7916186149948211
FILUSDT,FTTUSDT,0.0,-3.60207504540026,0.0,0.001795569361920276,2.0,-0.8371103870451763,0.16288961295482368
FILUSDT,LINKUSDT,0.0,0.0,0.0,0.002947156179801222,1.0,-0.42090572097645146,0.5790942790235486
FILUSDT,WNXMUSDT,0.0,-3.331377230133627,0.0,0.0016595735099793761,3.0,-0.8162694621475192,0.18373053785248078
LINKUSDT,WNXMUSDT,0.0,0.0,0.0,0.002297333225101162,1.0,-0.5478706056923853,0.4521293943076148
