S1,S2,VECM(q),mu,Johansen_slope,stdev,model,w1,w2
HNTUSDT,WNXMUSDT,0.0,-1.9605932855192802,0.0,0.002550280164174502,2.0,0.2972574615198485,-0.7027425384801516
NMRUSDT,TRBUSDT,0.0,-1.282574229564925,0.0,0.0028700140351621845,3.0,-0.6716328702782798,0.3283671297217203
WNXMUSDT,ZENUSDT,0.0,-1.8599751302830045,0.0,0.0027425429418765127,2.0,-0.7358548807182963,0.26414511928170364
