S1,S2,VECM(q),mu,Johansen_slope,stdev,model,w1,w2
AXSUSDT,HNTUSDT,0.0,-4.07384982854977,0.0,0.0013532649659770246,2.0,-0.9083462672203445,0.09165373277965558
HNTUSDT,NEOUSDT,0.0,3.467879505730112,0.00011546902190280329,0.0015953629783809898,5.0,0.433518463902931,0.566481536097069
NEOUSDT,TORNUSDT,0.0,0.0,0.0,0.0011487873471614128,1.0,-0.5304195329049648,0.46958046709503526
