S1,S2,VECM(q),mu,Johansen_slope,stdev,model,w1,w2
ATOMUSDT,BTGUSDT,0.0,0.0,0.0,0.007037662872792642,1.0,-0.5244746800523528,0.4755253199476472
ATOMUSDT,DCRUSDT,0.0,0.0,0.0,0.0067514208772705645,1.0,-0.5683081886620629,0.43169181133793716
AVAXUSDT,LUNAUSDT,0.0,0.0,0.0,0.0043225509266034134,1.0,-0.4511183636463502,0.5488816363536498
