S1,S2,VECM(q),mu,Johansen_slope,stdev,model,w1,w2
DCRUSDT,FTTUSDT,0.0,-1.8207354706826853,0.0,0.001499167459595555,2.0,-0.6216272175415386,0.37837278245846145
DCRUSDT,LUNAUSDT,0.0,-2.771416009810596,-0.00017221609852937963,0.0018012849781231532,4.0,-0.7058479779587999,0.2941520220412001
