S1,S2,VECM(q),mu,Johansen_slope,stdev,model,w1,w2
DOTUSDT,ETCUSDT,0.0,0.0,0.0,0.0035962839445681087,1.0,-0.4506640857290213,0.5493359142709788
DOTUSDT,LINKUSDT,0.0,0.0,0.0,0.002904802101902094,1.0,-0.4891772611163422,0.5108227388836578
DOTUSDT,NEOUSDT,0.0,0.0,0.0,0.0037938018019710155,1.0,-0.5293399115865434,0.4706600884134567
LINKUSDT,NMRUSDT,0.0,0.0,0.0,0.005016445379516747,1.0,-0.5427896801336444,0.4572103198663557
NEOUSDT,NMRUSDT,0.0,0.0,0.0,0.00462537587865615,1.0,-0.5027112299230782,0.4972887700769218
NMRUSDT,TRBUSDT,0.0,0.0,0.0,0.0035034858022040326,1.0,-0.5005101789391254,0.4994898210608746
