S1,S2,VECM(q),mu,Johansen_slope,stdev,model,w1,w2
ADAUPUSDT,ATOMUSDT,0.0,-0.33945106408743286,0.0,0.0026080828149320687,2.0,0.32006301670311044,-0.6799369832968896
ADAUPUSDT,AVAXUSDT,0.0,0.39165647497337286,6.91872159996734e-05,0.0021146228209661224,5.0,-0.3139523472398911,0.6860476527601089
ATOMUSDT,ZENUSDT,0.0,-0.5378238803310951,0.0,0.0020156830307022497,2.0,0.536732856786591,-0.463267143213409
AXSUSDT,NEOUSDT,0.0,0.0,0.0,0.005836007933073785,1.0,-0.5435579449795552,0.4564420550204448
AXSUSDT,WNXMUSDT,0.0,-1.8846163867559447,0.0,0.003435611606084845,2.0,0.2939973646257105,-0.7060026353742894
DOTUSDT,ZENUSDT,0.0,0.0,0.0,0.002483558665610455,1.0,-0.6128257805313335,0.3871742194686665
