S1,S2,VECM(q),mu,Johansen_slope,stdev,model,w1,w2
ADAUPUSDT,AVAXUSDT,0.0,2.4549225585942813,0.0,0.013479592469878437,2.0,0.6852614887754983,-0.31473851122450164
AVAXUSDT,BTGUSDT,0.0,0.0,0.0,0.004439681902421424,1.0,-0.5577622920415012,0.44223770795849876
AVAXUSDT,NMRUSDT,0.0,1.5686526943205041,0.0,0.018051007413633455,3.0,-0.35502170266273214,0.6449782973372679
BTGUSDT,ICPUSDT,1.0,1.7937796421922536,0.00016384471385500556,0.005323377882680383,5.0,-0.36222853564764357,0.6377714643523564
HNTUSDT,ICPUSDT,0.0,-1.780203256054799,0.0,0.00455774591601897,2.0,0.4497766715217741,-0.550223328478226
HNTUSDT,ZENUSDT,0.0,0.9875199344275691,0.0,0.0029333866374253678,2.0,-0.5134436901323438,0.4865563098676562
ICPUSDT,NEOUSDT,0.0,-1.4424815172684482,0.0,0.005098487990769978,2.0,-0.6009230934720103,0.39907690652798966
ICPUSDT,ZENUSDT,0.0,0.0,0.0,0.004892434440582232,1.0,-0.47109233264168443,0.5289076673583156
