S1,S2,VECM(q),mu,Johansen_slope,stdev,model,w1,w2
AXSUSDT,DCRUSDT,0.0,-1.817841264778878,-0.0002868350458929177,0.00401240739757554,5.0,-0.9176688969654029,-0.08233110303459712
AXSUSDT,DOTUSDT,0.0,0.0,0.0,0.00410891270364627,1.0,-0.6814661823691459,0.3185338176308541
AXSUSDT,HNTUSDT,0.0,0.0,0.0,0.0027091824369324447,1.0,-0.6401465217296697,0.3598534782703304
BTGUSDT,WNXMUSDT,1.0,1.4728691075996108,0.0,0.0025066090295507034,2.0,-0.33972977407697147,0.6602702259230286
DCRUSDT,FILUSDT,0.0,3.438871539873414,0.00022308328360596,0.0021082761875295094,5.0,-0.08651823318589956,0.9134817668141005
DOTUSDT,FTTUSDT,0.0,0.0,0.0,0.004963979655287106,1.0,-0.5193038551078631,0.48069614489213686
DOTUSDT,HNTUSDT,0.0,0.0,0.0,0.0036392893720731943,1.0,-0.4544250739680868,0.5455749260319132
