S1,S2,VECM(q),mu,Johansen_slope,stdev,model,w1,w2
DOGEUSDT,LUNAUSDT,1.0,1.2507288935276542,-8.18785008265663e-06,0.0015445829532010538,4.0,-0.8240363907645171,0.17596360923548296
DOTUSDT,LTCUSDT,0.0,0.8884240844669895,1.4939569987234222e-05,0.0011876050420901582,5.0,-0.5136818764728991,0.4863181235271009
DOTUSDT,LUNAUSDT,1.0,-1.9178547304937696,0.0,0.00246825512872613,2.0,-0.7554739898546371,0.24452601014536285
FTMUSDT,MATICUSDT,1.0,-0.8293999329764954,0.0,0.0015639158766629642,2.0,0.5338117249140324,-0.4661882750859676
LTCUSDT,UNIUSDT,1.0,-4.293271234324157,0.0,0.0054020816830331105,2.0,-0.5771434513278717,-0.42285654867212824
LUNAUSDT,XRPUSDT,1.0,0.5525424075979982,-2.3768129623650257e-05,0.0014413246717557909,4.0,0.23991569469936208,-0.7600843053006379
MATICUSDT,UNIUSDT,0.0,1.7250801956123507,-1.709587793705504e-05,0.001280174541141637,4.0,-0.41226574357111656,0.5877342564288834
NEARUSDT,SANDUSDT,0.0,-1.1234526314640134,0.0,0.003012827202884746,3.0,-0.7537540009777146,0.24624599902228533
SOLUSDT,USDCUSDT,1.0,0.0,0.0,0.00011608647872691712,1.0,7.027216585828396e-05,0.9999297278341417
