S1,S2,VECM(q),mu,Johansen_slope,stdev,model,w1,w2
AAVEUSDT,ELFUSDT,2.0,1.5771008136600788,0.0,0.014431613301743553,2.0,0.1937684748390571,-0.8062315251609429
BTCUSDT,BUSDUSDT,3.0,-0.000559029223810166,0.0,0.00013129569726121767,2.0,1.4804870276777573e-05,0.9999851951297233
BUSDUSDT,ELFUSDT,3.0,0.0,0.0,0.00019159081313390458,1.0,-0.9987541191817211,0.0012458808182789658
BUSDUSDT,ETHUSDT,3.0,-0.0003221739299508681,0.0,0.00014567614627607068,2.0,-0.999876412107831,-0.0001235878921691358
BUSDUSDT,LUNAUSDT,3.0,0.0,0.0,7.914410498457305e-05,1.0,0.9997957812047195,0.00020421879528049783
ETHUSDT,FTMUSDT,1.0,0.0,0.0,,1.0,-0.09740498326844131,0.9025950167315587
ETHUSDT,SUSHIUSDT,1.0,0.0,0.0,,1.0,-0.20395607355755846,0.7960439264424415
SANDUSDT,SOLUSDT,0.0,-3.5694543292315313,0.0001561082046804823,0.008952833651079607,5.0,-0.5348082187092266,-0.4651917812907735
