S1,S2,VECM(q),mu,Johansen_slope,stdev,model,w1,w2
AAVEUSDT,NEARUSDT,0.0,2.5892238153088267,-0.00011991780805580221,0.008644726289721849,4.0,0.02393914857405409,0.976060851425946
BCHUSDT,XRPUSDT,0.0,-3.5134442449431336,0.0,0.0007133044145986567,2.0,-0.5525819365131057,0.44741806348689434
BNBUSDT,DOGEUSDT,0.0,-4.090420174720968,0.0,0.0010584711563577163,3.0,-0.5389587588974383,0.46104124110256184
