S1,S2,VECM(q),mu,Johansen_slope,stdev,model,w1,w2
AAVEUSDT,BUSDUSDT,3.0,-0.024073435546301453,0.0,0.00011781297315246561,2.0,-0.004394977439664368,-0.9956050225603357
ADAUSDT,AVAXUSDT,1.0,0.8393904984404379,0.0,0.0010082613614771203,3.0,-0.5860762612256085,0.41392373877439154
AVAXUSDT,FTMUSDT,1.0,-2.1005557281187563,1.9162733023611042e-05,0.0013868631345718752,5.0,-0.6401665136000344,0.35983348639996565
AVAXUSDT,LINKUSDT,1.0,0.0,0.0,0.0014453417281632263,1.0,-0.5442695917341469,0.45573040826585315
AVAXUSDT,UNIUSDT,1.0,-0.2328150387332631,0.0,0.0011708673458582293,2.0,0.5008622787375419,-0.49913772126245826
FTMUSDT,XRPUSDT,2.0,0.23202118758505816,-2.0508613694470354e-05,0.0016379733999622734,5.0,-0.331447501267322,0.6685524987326781
NEARUSDT,UNIUSDT,1.0,1.2670980344559277,-2.0815158116032694e-05,0.0014644301260301564,4.0,-0.45933007662238184,0.5406699233776182
SUSHIUSDT,XRPUSDT,0.0,-1.044965159380606,0.0,0.0011152196250731618,2.0,-0.396410857778375,0.6035891422216251
TRXUSDT,XRPUSDT,2.0,-1.2221450318569909,0.0,0.0006803479958983294,2.0,0.5190316304656298,-0.4809683695343703
