S1,S2,VECM(q),mu,Johansen_slope,stdev,model,w1,w2
ETHUSDT,SANDUSDT,2.0,-5.031504931419124,0.0,0.002746977870144287,2.0,-0.6731138648585722,0.3268861351414279
LUNAUSDT,SUSHIUSDT,1.0,-3.3221356107744535,0.00010260750431763357,0.010691573320625569,5.0,-0.8678462032307248,0.13215379676927524
