S1,S2,VECM(q),mu,Johansen_slope,stdev,model,w1,w2
ADAUSDT,MATICUSDT,0.0,-0.36142468109710935,0.0,0.004643464701711861,3.0,-0.6246312232755656,0.3753687767244344
BCHUSDT,CRVUSDT,0.0,-3.3781296395207656,2.7124963037193648e-05,0.002903125812772559,4.0,-0.5443296657498325,0.4556703342501675
MATICUSDT,SUSHIUSDT,0.0,2.1895177019212477,-6.253059293872417e-05,0.002877360637190603,5.0,-0.22919408888304832,0.7708059111169517
