S1,S2,VECM(q),mu,Johansen_slope,stdev,model,w1,w2
AAVEUSDT,LTCUSDT,0.0,0.0,0.0,0.0032401223892030207,1.0,-0.4797110012256532,0.5202889987743469
BNBUSDT,NEARUSDT,0.0,-0.9884643185462402,-6.17266029400261e-05,0.003629818799402349,4.0,-0.367276574860298,0.632723425139702
DOGEUSDT,USDCUSDT,1.0,0.0,0.0,0.0001232466609624752,1.0,2.050303558815846e-05,0.9999794969644118
DOGEUSDT,XRPUSDT,0.0,-1.6530124589920199,0.0,0.004033019537325881,2.0,0.5959280014236005,-0.4040719985763996
EOSUSDT,LTCUSDT,0.0,-2.8592237204612942,4.202906697821041e-05,0.002544182521109334,4.0,0.3552642643765189,-0.6447357356234811
LINKUSDT,LTCUSDT,0.0,1.0446614821339342,0.0,0.002068682596113853,3.0,-0.49136682487847577,0.5086331751215243
SOLUSDT,XRPUSDT,1.0,0.5419962232854187,-0.00023134722021524352,0.01894450121138759,5.0,0.14082417506099218,0.8591758249390078
UNIUSDT,USDCUSDT,1.0,0.0,0.0,6.937471414349916e-05,1.0,-1.7467206770205657e-05,0.9999825327932298
USDCUSDT,XRPUSDT,1.0,0.0,0.0,0.0001943980940892845,1.0,-0.9994274419119878,-0.0005725580880121872
