S1,S2,VECM(q),mu,Johansen_slope,stdev,model,w1,w2
EOSUSDT,FTMUSDT,2.0,-1.4659352388940854,0.0,0.0051412041688427106,2.0,-0.569429515335061,0.4305704846649391
EOSUSDT,NEARUSDT,2.0,0.5127082881393693,-5.8559808513308596e-05,0.00519057578002091,4.0,0.5950492163508673,-0.40495078364913284
EOSUSDT,USDCUSDT,2.0,0.06067908124868416,-7.4611135039612824e-06,0.0006413641912242119,4.0,0.029323482582384618,-0.9706765174176154
FTMUSDT,SANDUSDT,1.0,-0.10532433079662148,0.0,0.005502526798007416,2.0,0.46891436125072067,-0.5310856387492793
