S1,S2,VECM(q),mu,Johansen_slope,stdev,model,w1,w2
BNBUSDT,BUSDUSDT,1.0,-0.05084767904671289,0.0,0.0002567067698696431,2.0,-0.008223295188279902,-0.9917767048117201
