S1,S2,VECM(q),mu,Johansen_slope,stdev,model,w1,w2
CRVUSDT,EOSUSDT,2.0,0.0,0.0,0.01014901202546836,1.0,-0.6403699969647376,0.35963000303526244
CRVUSDT,FTMUSDT,2.0,1.1035888397718994,0.0,0.016937994615400964,2.0,0.7470669355216721,-0.25293306447832786
CRVUSDT,NEARUSDT,2.0,0.0,0.0,0.009490590985734246,1.0,-0.5505259284721604,0.4494740715278397
CRVUSDT,SANDUSDT,2.0,0.0,0.0,0.018915474087202497,1.0,0.3858242059961006,0.6141757940038994
FTMUSDT,NEARUSDT,2.0,-1.2368786780377805,0.0,0.005198709036319137,2.0,0.330125256714985,-0.669874743285015
