S1,S2,VECM(q),mu,Johansen_slope,stdev,model,w1,w2
AAVEUSDT,FTMUSDT,1.0,-6.149667808515405,0.0,0.030989027115317154,3.0,-0.9646215249977241,-0.03537847500227594
BUSDUSDT,USDCUSDT,1.0,0.0,0.0,0.00016149251717091282,1.0,-0.32645903942238663,0.6735409605776134
EOSUSDT,YFIUSDT,2.0,5.996514647548425,-6.738586750933374e-05,0.004029212212079641,4.0,-0.38767475570500465,0.6123252442949954
