stock1,stock2,trade_capital,open,loss,reward,open_num,trading_history,trading history
ATOMUSDT,BNBUSDT,295.70215042043407,1.5,1000,-3.2199833161541225,1,,"[{'time': 737, 'w1': 0.4969833189359277, 'stock1_payoff': 15.92427241259694, 'w2': -0.5030166810640724, 'stock2_payoff': -310.86430889759674, 'type': '上開倉'}, {'time': 796, 'w1': -0.4969833189359277, 'stock1_payoff': -15.714612544754033, 'w2': 0.5030166810640724, 'stock2_payoff': 307.4346657135997, 'type': '正常平倉'}]"
ATOMUSDT,LTCUSDT,108.42719933650147,1.5,1000,1.594827284922598,1,,"[{'time': 720, 'w1': 0.6170821631443594, 'stock1_payoff': 19.513677618621692, 'w2': -0.3829178368556408, 'stock2_payoff': -98.79280190875532, 'type': '下開倉'}, {'time': 874, 'w1': -0.6170821631443594, 'stock1_payoff': -19.567675393307635, 'w2': 0.3829178368556408, 'stock2_payoff': 100.44162696836386, 'type': '正常平倉'}]"
BCHUSDT,XRPUSDT,0.0,1.5,1000,0.0,0,,"[{'time': 0, 'type': '配對波動太小，不開倉'}]"
BNBUSDT,DOGEUSDT,332.7271022045014,1.5,1000,2.027708005058734,1,,"[{'time': 741, 'w1': 0.5378977976266572, 'stock1_payoff': 332.62042591108354, 'w2': -0.4621022023733428, 'stock2_payoff': -0.11852921490876243, 'type': '下開倉'}, {'time': 769, 'w1': -0.5378977976266572, 'stock1_payoff': -330.59198642134356, 'w2': 0.4621022023733428, 'stock2_payoff': 0.11779773022751557, 'type': '正常平倉'}]"
BNBUSDT,LUNAUSDT,256.52087596000314,1.5,1000,-0.37483027321571427,1,,"[{'time': 724, 'w1': 0.3769714450112356, 'stock1_payoff': 229.64529318345282, 'w2': -0.6230285549887644, 'stock2_payoff': -29.861758640611477, 'type': '下開倉'}, {'time': 1022, 'w1': -0.3769714450112356, 'stock1_payoff': -230.36725004636608, 'w2': 0.6230285549887644, 'stock2_payoff': 30.208885230309022, 'type': '正常平倉'}]"
LTCUSDT,UNIUSDT,108.3595761469648,1.5,1000,2.2251072403470182,1,,"[{'time': 800, 'w1': 0.3654728294754743, 'stock1_payoff': 94.44249171585038, 'w2': -0.6345271705245257, 'stock2_payoff': -15.463427145682692, 'type': '下開倉'}, {'time': 936, 'w1': -0.3654728294754743, 'stock1_payoff': -92.09915302781953, 'w2': 0.6345271705245257, 'stock2_payoff': 15.345195697998856, 'type': '正常平倉'}]"
