S1,S2,VECM(q),mu,Johansen_slope,stdev,model,w1,w2
AAVEUSDT,AUTOUSDT,0.0,0.0,0.0,0.0017920504460570631,1.0,-0.544993351588777,0.455006648411223
BNBUPUSDT,BNBUSDT,0.0,-2.4181538983442787,0.0,0.0007035690929103733,2.0,0.30407434992991283,-0.6959256500700872
BNBUPUSDT,DASHUSDT,0.0,1.1923267574521752,-0.00013143848289539131,0.0013349431839812611,4.0,-0.3586678989842011,0.6413321010157988
BNBUPUSDT,FARMUSDT,0.0,0.0,0.0,0.002360804389278994,1.0,-0.46492534359126586,0.5350746564087342
DASHUSDT,SOLUSDT,0.0,0.0,0.0,0.0014644386280435989,1.0,-0.4978674757079473,0.5021325242920527
