S1,S2,VECM(q),mu,Johansen_slope,stdev,model,w1,w2
AAVEUSDT,XMRUSDT,1.0,0.0,0.0,0.00497769972819932,1.0,-0.4721489385102635,0.5278510614897365
COMPUSDT,XMRUSDT,1.0,0.0,0.0,0.007177929740854325,1.0,-0.46662240051901677,0.5333775994809833
LTCUSDT,XMRUSDT,2.0,0.0,0.0,0.0045349714269814125,1.0,-0.50585410532461,0.49414589467539
