S1,S2,VECM(q),mu,Johansen_slope,stdev,model,w1,w2
AAVEUSDT,BNBUPUSDT,0.0,1.388895736242592,-0.00018509919767678018,0.0030816159619837346,4.0,-0.4025774579397317,0.5974225420602682
AAVEUSDT,XMRUSDT,0.0,0.0,0.0,0.0018673207560024718,1.0,-0.4796804414287837,0.5203195585712164
BNBUSDT,XMRUSDT,0.0,0.0,0.0,0.0027109133285274567,1.0,-0.49568760083976365,0.5043123991602364
DASHUSDT,XMRUSDT,0.0,-1.2051169989564372,0.0,0.0017461327138788413,2.0,0.3905334750359583,-0.6094665249640416
