S1,S2,VECM(q),mu,Johansen_slope,stdev,model,w1,w2
AAVEUSDT,LTCUSDT,0.0,-2.723355296639517,0.0,0.0016693260092305112,2.0,0.21883280470937067,-0.7811671952906294
BCHUSDT,LTCUSDT,0.0,2.2991506746134607,0.0,0.0017375476746937276,3.0,-0.24625679635984868,0.7537432036401513
BCHUSDT,SOLUSDT,0.0,-1.732279088662523,-7.931161020817816e-05,0.0016400362294350002,4.0,-0.5586091936111947,0.4413908063888054
BNBUPUSDT,BNBUSDT,0.0,-2.2205680628885007,0.0,0.0006246808842531981,2.0,0.31384468040158914,-0.6861553195984109
COMPUSDT,LTCUSDT,0.0,5.263700724323404,0.0,0.0028578338133970023,3.0,0.0965546082462043,0.9034453917537957
