S1,S2,VECM(q),mu,Johansen_slope,stdev,model,w1,w2
AAVEUSDT,COMPUSDT,0.0,0.0,0.0,0.0022659973623297197,1.0,-0.5112150579328646,0.48878494206713535
AAVEUSDT,XMRUSDT,2.0,1.2385733730779742,0.0,0.0015847301343420543,3.0,-0.3744146988966803,0.6255853011033198
BCHUSDT,KSMUSDT,2.0,-1.5359058473379468,-5.490589544624406e-05,0.0008584846315283132,4.0,-0.5928664561194742,0.4071335438805258
COMPUSDT,LTCUSDT,0.0,2.6349375244488833,0.0,0.0029172030835916073,3.0,-0.20584596290362864,0.7941540370963714
COMPUSDT,XMRUSDT,2.0,0.0,0.0,0.001961463492128669,1.0,-0.47498954905339513,0.5250104509466048
KSMUSDT,LTCUSDT,2.0,-1.39564938629801,0.0,0.0015169168456191295,2.0,0.3445820799056262,-0.6554179200943737
KSMUSDT,XMRUSDT,2.0,0.7121691219351477,0.0,0.0019084569438481379,3.0,-0.4417270620228944,0.5582729379771056
SOLUSDT,XMRUSDT,0.0,2.349409498152598,0.0,0.0018001183069160341,3.0,-0.34864537372092813,0.6513546262790719
