S1,S2,VECM(q),mu,Johansen_slope,stdev,model,w1,w2
BNBUPUSDT,BNBUSDT,0.0,-2.0296761600811584,0.0,0.0009458357021370173,2.0,0.3312120870457121,-0.668787912954288
BNBUPUSDT,LTCUSDT,0.0,1.6290491646930496,-9.485197553550604e-05,0.0037573150344293567,4.0,-0.31931249595928096,0.680687504040719
BNBUSDT,LTCUSDT,0.0,-0.2504372371100134,-6.589167559879485e-05,0.002756199037675308,4.0,-0.4867250901173867,0.5132749098826134
LTCUSDT,SOLUSDT,0.0,-1.3977677548530112,0.0,0.005615884108231564,3.0,-0.5756469341192993,0.4243530658807007
