S1,S2,VECM(q),mu,Johansen_slope,stdev,model,w1,w2
AAVEUSDT,BCHUSDT,0.0,1.1366911376447253,-7.51978587785216e-05,0.0007229544122002569,4.0,-0.44077602688844125,0.5592239731115588
AAVEUSDT,BNBUPUSDT,0.0,3.0561807908198624,-0.00012460070070693369,0.0017468192587078333,4.0,0.8168614382578765,-0.18313856174212353
AAVEUSDT,DASHUSDT,0.0,0.0,0.0,0.0014052942529404616,1.0,-0.48675569208845315,0.513244307911547
AAVEUSDT,ILVUSDT,0.0,-1.9645361767907712,8.151391971589583e-05,0.001547435514544768,5.0,-0.7376072944680505,0.2623927055319495
BNBUPUSDT,BNBUSDT,0.0,-2.5595562895231887,0.0,0.000951905384114903,2.0,0.2943282942270217,-0.7056717057729782
BNBUPUSDT,DASHUSDT,0.0,-5.783758770585923,0.0,0.003814136474652059,2.0,-0.5517132703046819,-0.44828672969531824
BNBUPUSDT,LTCUSDT,0.0,-0.16305046827405745,-0.000121956385723467,0.0018138173113765314,4.0,-0.4522981742232313,0.5477018257767687
BNBUPUSDT,SOLUSDT,0.0,0.08975951417984923,-8.863166127364734e-05,0.0016176317097900846,4.0,-0.43439326270708123,0.5656067372929189
