S1,S2,VECM(q),mu,Johansen_slope,stdev,model,w1,w2
AAVEUSDT,BNBUSDT,0.0,0.9948572250390884,4.041778659826151e-05,0.000774134859059748,4.0,-0.41927110795616773,0.5807288920438323
AUTOUSDT,BCHUSDT,0.0,0.10976481942123946,6.94683267430138e-05,0.001402417796989523,4.0,-0.4688744798867057,0.5311255201132943
BCHUSDT,LTCUSDT,0.0,-1.6897911506583074,0.0,0.0007644515310596913,2.0,-0.5956120982734678,0.4043879017265323
