S1,S2,VECM(q),mu,Johansen_slope,stdev,model,w1,w2
AAVEUSDT,BCHUSDT,0.0,3.9503554035145476,-0.0005905799691644783,0.007504856128707442,4.0,0.8332394415579024,-0.16676055844209758
AAVEUSDT,BNBUPUSDT,0.0,0.0,0.0,0.00953478553179453,1.0,-0.5560721373910607,0.44392786260893935
AAVEUSDT,BNBUSDT,0.0,0.0,0.0,0.005947208955285615,1.0,-0.5134245181663964,0.48657548183360355
AAVEUSDT,COMPUSDT,0.0,-6.066904407283529,0.0005636760297487286,0.0063696606300171765,4.0,-0.7758006586114161,-0.22419934138858383
AUTOUSDT,BNBUPUSDT,0.0,0.44841525912363006,-0.0004331675657627363,0.005888598976921435,4.0,-0.45017513614973975,0.5498248638502602
BNBUPUSDT,BNBUSDT,0.0,-1.066038384671063,0.0,0.0013455959222633195,2.0,0.3802131708019198,-0.6197868291980803
BNBUPUSDT,XMRUSDT,0.0,2.665391889988444,-0.0009088625095264101,0.007631260886918891,4.0,0.6294717897300682,-0.3705282102699318
