S1,S2,VECM(q),mu,Johansen_slope,stdev,model,w1,w2
ALCXUSDT,AUTOUSDT,0.0,0.0,0.0,0.0020569418081202904,1.0,-0.5409449964789996,0.4590550035210004
AUTOUSDT,KSMUSDT,0.0,-5.599582216988502,-0.00018273128808394352,0.0032213626625002796,5.0,-0.9148409528412078,0.0851590471587922
AUTOUSDT,QNTUSDT,0.0,-4.569575419021284,-0.0001748399738090963,0.0027213210832307895,4.0,-0.8239822476040762,0.17601775239592385
BCHUSDT,BNBUSDT,3.0,-6.3567990820738265,0.0,0.002883783041693915,2.0,-0.087584202981907,-0.9124157970180929
BNBUSDT,LTCUSDT,2.0,-6.089551299014065,9.28637220273077e-07,0.002945689505561131,4.0,-0.7792503138822497,-0.22074968611775025
DASHUSDT,ILVUSDT,0.0,0.0,0.0,0.001489034316880916,1.0,-0.5935902611692578,0.4064097388307421
DASHUSDT,SOLUSDT,0.0,0.022551760145828763,-0.00010370607818170708,0.0014459906797779146,4.0,0.5191137898035216,-0.4808862101964784
QNTUSDT,SOLUSDT,0.0,-1.4015822305315786,-0.0002062040291919795,0.002406986294709925,4.0,0.3706490607041813,-0.6293509392958186
