S1,S2,VECM(q),mu,Johansen_slope,stdev,model,w1,w2
BNBUPUSDT,BNBUSDT,0.0,-1.258716771730513,0.0,0.0010205145023807682,2.0,0.36052361527245,-0.6394763847275501
BNBUPUSDT,COMPUSDT,0.0,3.018521438466802,0.0,0.0027722354691318827,3.0,-0.2566162111989658,0.7433837888010343
