S1,S2,VECM(q),mu,Johansen_slope,stdev,model,w1,w2
AUTOUSDT,LTCUSDT,0.0,1.4323244063291856,-0.00016114528849603142,0.0023215745695328058,4.0,-0.30752978163578376,0.6924702183642162
BNBUPUSDT,BNBUSDT,0.0,-1.9931794568516772,0.0,0.0005439283139411305,2.0,0.33183704704711015,-0.6681629529528899
