S1,S2,VECM(q),mu,Johansen_slope,stdev,model,w1,w2
AUTOUSDT,KSMUSDT,0.0,-3.6704169756880565,0.00024240202319176965,0.005009004087833364,4.0,-0.7265559238789006,0.27344407612109956
BNBUPUSDT,BNBUSDT,0.0,-2.007551082796736,0.0,0.0009427734459649887,2.0,0.32973771389855305,-0.6702622861014469
SOLUSDT,XMRUSDT,0.0,3.0859408421893,-0.00023862461293999804,0.002984182265063323,5.0,-0.27791143600433954,0.7220885639956605
