S1,S2,VECM(q),mu,Johansen_slope,stdev,model,w1,w2
AAVEUSDT,COMPUSDT,0.0,-1.8286606363032196,0.0,0.0016473728867052485,2.0,0.35445906761958074,-0.6455409323804193
AAVEUSDT,DASHUSDT,0.0,-2.8034416199513807,0.0002467493479062264,0.0029174385598479628,5.0,-0.7212277402377946,0.2787722597622054
AAVEUSDT,XMRUSDT,0.0,0.06942569347967453,-0.0002704191486751226,0.001645700947466931,4.0,0.48184838111822276,-0.5181516188817772
BCHUSDT,BNBUPUSDT,0.0,-1.4142039743019397,8.702105764573373e-05,0.0017730839818838248,5.0,-0.6116992468779064,0.38830075312209356
BCHUSDT,BNBUSDT,0.0,-0.17308712314348237,7.48649179729062e-05,0.0012366168863699545,5.0,-0.48178057071898683,0.5182194292810132
BNBUPUSDT,KSMUSDT,0.0,0.0,0.0,0.0031688086253921677,1.0,-0.4723359497175574,0.5276640502824426
