S1,S2,VECM(q),mu,Johansen_slope,stdev,model,w1,w2
AAVEUSDT,XMRUSDT,1.0,-3.912962894481076,0.0,0.002545106544856649,2.0,0.13072646408731314,-0.869273535912687
BNBUPUSDT,BNBUSDT,0.0,-2.090694411316189,0.0,0.0004778045279487637,2.0,0.32650441740433744,-0.6734955825956626
DASHUSDT,KSMUSDT,0.0,-2.808149701838646,0.0,0.0017586888845068575,2.0,0.24838874521459828,-0.7516112547854017
