S1,S2,VECM(q),mu,Johansen_slope,stdev,model,w1,w2
AAVEUSDT,BCHUSDT,0.0,6.4684617539045925,0.0,0.003065221307223625,2.0,0.17142990430274002,0.8285700956972599
