S1,S2,VECM(q),mu,Johansen_slope,stdev,model,w1,w2
BNBUPUSDT,COMPUSDT,0.0,-0.03514954101346143,6.57909081053321e-05,0.0015694003822821561,4.0,0.4529406119976052,-0.5470593880023947
BNBUPUSDT,FARMUSDT,0.0,0.80498168798295,-7.228677427894823e-05,0.0017851981064220702,4.0,-0.3472992936922649,0.652700706307735
BNBUSDT,FARMUSDT,0.0,-0.5730863816244024,-4.601329553289413e-05,0.0012626110380016507,4.0,-0.4784110632661837,0.5215889367338163
