S1,S2,VECM(q),mu,Johansen_slope,stdev,model,w1,w2
AUTOUSDT,ILVUSDT,0.0,0.0,0.0,0.0022844186787807073,1.0,-0.5208232197769039,0.47917678022309607
BNBUPUSDT,BNBUSDT,0.0,-2.250014453873022,0.0,0.0006629441733255044,2.0,0.3181575161357215,-0.6818424838642785
BNBUSDT,COMPUSDT,0.0,-0.2361405680934754,0.0,0.0015560622228707934,3.0,-0.4878053759600704,0.5121946240399295
COMPUSDT,ILVUSDT,0.0,0.0,0.0,0.002277520018168671,1.0,-0.568801556735978,0.431198443264022
DASHUSDT,SOLUSDT,0.0,4.4538042117442815,-0.00016981423915662274,0.0032383167855168787,4.0,-0.08284443927032449,0.9171555607296755
ILVUSDT,QNTUSDT,0.0,0.0,0.0,0.004180347597482025,1.0,-0.41639263594835735,0.5836073640516427
ILVUSDT,SOLUSDT,0.0,1.106201144312051,0.0,0.002380759693231677,3.0,-0.32927180414903795,0.6707281958509621
