S1,S2,VECM(q),mu,Johansen_slope,stdev,model,w1,w2
BNBUPUSDT,BNBUSDT,0.0,-2.3661131331371195,0.0,0.0008564732183724547,2.0,0.3082819095794663,-0.6917180904205338
BNBUSDT,LTCUSDT,0.0,-1.8332450272244434,3.612964820902979e-05,0.0013104023189332615,5.0,-0.6229927551027447,0.3770072448972553
