S1,S2,VECM(q),mu,Johansen_slope,stdev,model,w1,w2
BCHUSDT,DASHUSDT,1.0,4.170470533237563,0.0004097952004786857,0.005473559305725136,5.0,-0.11664686118423717,0.8833531388157628
BCHUSDT,KSMUSDT,0.0,-0.4143835433302351,-9.763961637727057e-05,0.0014863081243187198,5.0,-0.5050856285835231,0.4949143714164768
BCHUSDT,QNTUSDT,0.0,-2.363370975985972,0.00015398540139993546,0.0026494877728429687,4.0,0.24405288426491756,-0.7559471157350824
COMPUSDT,KSMUSDT,0.0,-0.14333205127983983,-0.0001277921244797839,0.001708728955275176,5.0,-0.49878800613008645,0.5012119938699136
COMPUSDT,QNTUSDT,0.0,2.84339154290601,-0.0001722690669833159,0.0028898316480281774,4.0,-0.21015315150659145,0.7898468484934086
