S1,S2,VECM(q),mu,Johansen_slope,stdev,model,w1,w2
BCHUSDT,BNBUSDT,4.0,0.0,0.0,0.0026784847748126507,1.0,-0.4722882754701049,0.5277117245298952
BCHUSDT,LTCUSDT,2.0,2.6438831507384717,0.0,0.005810561479962838,2.0,-0.24244455618112487,0.7575554438188751
