S1,S2,VECM(q),mu,Johansen_slope,stdev,model,w1,w2
DASHUSDT,LTCUSDT,0.0,-1.0897453956473122,4.637086939882262e-05,0.0008352565196176555,4.0,0.39088465281893753,-0.6091153471810625
DASHUSDT,SOLUSDT,1.0,-0.822898335525783,0.0,0.0019811740933580457,3.0,-0.5163963156156758,0.4836036843843243
