S1,S2,VECM(q),mu,Johansen_slope,stdev,model,w1,w2
AAVEUSDT,AUTOUSDT,0.0,-1.4228522474475127,0.0,0.002365446266219225,2.0,0.4257340731369144,-0.5742659268630855
AAVEUSDT,COMPUSDT,0.0,0.39022781651409116,5.768329433780558e-05,0.0014514940542470932,4.0,-0.48264487096745584,0.5173551290325441
AAVEUSDT,KSMUSDT,0.0,0.0,0.0,0.003386840680389135,1.0,-0.48456652257434574,0.5154334774256543
AUTOUSDT,DASHUSDT,2.0,0.0,0.0,0.0027144993750249456,1.0,-0.4200556743246003,0.5799443256753997
BNBUPUSDT,COMPUSDT,0.0,2.2542619188838646,0.0,0.001911397176171108,3.0,-0.3260506276365599,0.6739493723634402
BNBUPUSDT,SOLUSDT,0.0,0.0,0.0,0.0019653683702429373,1.0,-0.3804841957734284,0.6195158042265716
BNBUSDT,COMPUSDT,0.0,0.0,0.0,0.0015405415712644243,1.0,-0.5100288512632137,0.48997114873678627
BNBUSDT,SOLUSDT,0.0,-1.6054614548743067,0.0,0.0011977677473081565,3.0,-0.5446571588789387,0.4553428411210613
COMPUSDT,SOLUSDT,0.0,-1.0738003335675774,-7.943256790939773e-05,0.0013820223821828042,4.0,-0.47451595385203693,0.5254840461479632
