S1,S2,VECM(q),mu,Johansen_slope,stdev,model,w1,w2
BCHUSDT,SOLUSDT,0.0,0.0,0.0,0.0019076732270022476,1.0,-0.4565723340445807,0.5434276659554192
BNBUPUSDT,BNBUSDT,0.0,-1.9035796407392767,0.0,0.0008108388572716067,2.0,0.34441047096060007,-0.6555895290393999
BNBUPUSDT,LTCUSDT,0.0,0.0,0.0,0.001959609842232529,1.0,-0.4495083958188903,0.5504916041811097
BNBUPUSDT,SOLUSDT,0.0,-2.1973559585211273,0.0,0.0015897540560766033,2.0,0.26684942549878565,-0.7331505745012145
BNBUSDT,SOLUSDT,0.0,0.0,0.0,0.0011367550549896389,1.0,-0.4580338216774754,0.5419661783225247
