S1,S2,VECM(q),mu,Johansen_slope,stdev,model,w1,w2
AUTOUSDT,SOLUSDT,0.0,0.0,0.0,0.0028468612434786413,1.0,-0.41973549716875097,0.5802645028312491
AUTOUSDT,XMRUSDT,0.0,0.0,0.0,0.00166533394625411,1.0,-0.43549313122656086,0.5645068687734391
BNBUSDT,LTCUSDT,0.0,1.344974930000923,6.31320985282448e-05,0.0008137699112427759,4.0,0.5837607730875232,-0.4162392269124768
DASHUSDT,QNTUSDT,0.0,5.730464565859216,0.0,0.005037692783119461,2.0,0.29753220217939397,0.702467797820606
QNTUSDT,SOLUSDT,0.0,5.536895135675685,0.0,0.003962734386496095,3.0,0.48067294138300304,0.519327058616997
QNTUSDT,XMRUSDT,0.0,5.713622561991333,0.0,0.003635928121840598,3.0,0.4753806240781438,0.5246193759218563
