S1,S2,VECM(q),mu,Johansen_slope,stdev,model,w1,w2
AAVEUSDT,LTCUSDT,0.0,0.0,0.0,0.004964487509815212,1.0,-0.49485431829546833,0.5051456817045317
AUTOUSDT,XMRUSDT,0.0,0.0,0.0,0.0016835896120549981,1.0,-0.4420452654163091,0.5579547345836908
BNBUPUSDT,BNBUSDT,0.0,-1.9850828326698706,0.0,0.0008644318702698676,2.0,0.3383442199441741,-0.6616557800558259
LTCUSDT,XMRUSDT,0.0,0.0,0.0,0.003576940802675343,1.0,-0.49837249142289874,0.5016275085771013
