S1,S2,VECM(q),mu,Johansen_slope,stdev,model,w1,w2
AUTOUSDT,BNBUPUSDT,1.0,-0.5395332594444728,-9.399198970796577e-05,0.002275246163459916,4.0,0.4309550234925399,-0.5690449765074601
BNBUPUSDT,BNBUSDT,0.0,0.0,0.0,0.0018632467220752512,1.0,-0.4918130608160271,0.508186939183973
BNBUPUSDT,QNTUSDT,0.0,0.49762914718755275,-9.326095362083474e-05,0.002177963197503096,4.0,-0.408813356574693,0.591186643425307
BNBUPUSDT,SOLUSDT,0.0,0.0,0.0,0.005010273303405803,1.0,-0.4188499736907094,0.5811500263092906
BNBUSDT,QNTUSDT,0.0,-1.7361925259210782,-6.478076067674882e-05,0.0015195082108027803,4.0,-0.6118819590863315,0.3881180409136686
LTCUSDT,QNTUSDT,0.0,0.0,0.0,0.00158849857415344,1.0,-0.5041373393337832,0.4958626606662167
LTCUSDT,XMRUSDT,0.0,-2.1116895753792955,0.0,0.0013181489676911688,3.0,-0.718829559403879,0.281170440596121
