S1,S2,VECM(q),mu,Johansen_slope,stdev,model,w1,w2
AUTOUSDT,BCHUSDT,0.0,0.0,0.0,0.0028557855971062867,1.0,-0.4773486304823245,0.5226513695176755
AUTOUSDT,BNBUPUSDT,0.0,-3.2325275057951153,0.0,0.0032860075187333393,2.0,-0.7051768699527325,0.2948231300472675
AUTOUSDT,BNBUSDT,0.0,0.0,0.0,0.0027478955081408018,1.0,-0.4560166143637184,0.5439833856362817
AUTOUSDT,KSMUSDT,0.0,-5.749499655403408,0.0002006773058918873,0.005105898591494639,5.0,-0.9017687988256508,0.09823120117434936
AUTOUSDT,SOLUSDT,0.0,-5.682767111702393,0.0,0.004984244711403861,3.0,-0.5903436449397164,-0.4096563550602837
BNBUPUSDT,SOLUSDT,0.0,-4.3743351572052225,0.0,0.006733822825820497,2.0,-0.3004430473001209,-0.6995569526998792
SOLUSDT,XMRUSDT,0.0,-5.156432213165704,0.0,0.004851395777986421,2.0,-0.24005615180003342,-0.7599438481999666
