S1,S2,VECM(q),mu,Johansen_slope,stdev,model,w1,w2
BNBUPUSDT,BNBUSDT,0.0,-2.2553806816027464,0.0,0.0006797458321830927,2.0,0.31087569514552715,-0.6891243048544728
