S1,S2,VECM(q),mu,Johansen_slope,stdev,model,w1,w2
AAVEUSDT,SOLUSDT,0.0,0.0,0.0,0.005334736369119759,1.0,-0.44699920016166106,0.5530007998383389
BNBUPUSDT,SOLUSDT,1.0,-1.3798117850913045,0.0,0.004326085991850322,3.0,-0.555191899448623,0.44480810055137704
COMPUSDT,SOLUSDT,0.0,0.0,0.0,0.004087259118977915,1.0,-0.4399767068289817,0.5600232931710183
DASHUSDT,LTCUSDT,0.0,-0.8893066090687892,0.0,0.0009714489248999087,2.0,0.40330202944323096,-0.596697970556769
DASHUSDT,SOLUSDT,0.0,0.0,0.0,0.0045019891327080916,1.0,-0.46891477087174244,0.5310852291282576
FARMUSDT,SOLUSDT,0.0,-2.4420400978992554,-0.0003676016786974289,0.0048381229922758034,4.0,0.2218424171952446,-0.7781575828047554
KSMUSDT,SOLUSDT,0.0,4.872294483040077,0.0006451479465902766,0.006443324883328008,5.0,0.15273247958869973,0.8472675204113003
LTCUSDT,SOLUSDT,0.0,0.0,0.0,0.004990982414225329,1.0,-0.4811156778981108,0.5188843221018893
