S1,S2,VECM(q),mu,Johansen_slope,stdev,model,w1,w2
AAVEUSDT,BNBUPUSDT,0.0,0.0,0.0,0.0037941264780119457,1.0,-0.5195699607821863,0.4804300392178138
AAVEUSDT,BNBUSDT,0.0,0.0,0.0,0.0023578898813836095,1.0,-0.4843660405432479,0.5156339594567522
AAVEUSDT,KSMUSDT,0.0,0.0,0.0,0.0025681329735463636,1.0,-0.48622624173984125,0.5137737582601588
BCHUSDT,BNBUPUSDT,0.0,0.0,0.0,0.0033956448768870558,1.0,-0.5073092113321906,0.49269078866780935
BNBUPUSDT,XMRUSDT,0.0,0.0,0.0,0.003517468651657079,1.0,-0.45349249743842573,0.5465075025615742
BNBUSDT,KSMUSDT,0.0,0.0,0.0,0.0038815906408250123,1.0,-0.5017653976298673,0.49823460237013273
BNBUSDT,XMRUSDT,0.0,0.0,0.0,0.0019836052779869102,1.0,-0.4886288260967237,0.5113711739032762
DASHUSDT,LTCUSDT,0.0,-2.433907557740344,0.0001928514670620435,0.0026507089308832462,4.0,0.2664682663980803,-0.7335317336019197
