S1,S2,VECM(q),mu,Johansen_slope,stdev,model,w1,w2
BCHUSDT,LTCUSDT,0.0,-4.044275861325244,0.0,0.005934819531141148,2.0,0.14637723236725134,-0.8536227676327487
BNBUPUSDT,BNBUSDT,0.0,-2.061958730337367,0.0,0.0009775853784020174,2.0,0.31218136826668463,-0.6878186317333155
DASHUSDT,LTCUSDT,0.0,0.0,0.0,0.003932045808056646,1.0,-0.4978801296197646,0.5021198703802354
