S1,S2,VECM(q),mu,Johansen_slope,stdev,model,w1,w2
AUTOUSDT,SOLUSDT,0.0,1.6268889496167944,0.0,0.0029950088210894616,2.0,0.4993010264995413,-0.5006989735004588
BNBUPUSDT,BNBUSDT,1.0,-1.753236094470687,0.0,0.0010174036404812915,2.0,0.35638773502597243,-0.6436122649740276
