S1,S2,VECM(q),mu,Johansen_slope,stdev,model,w1,w2
AAVEUSDT,COMPUSDT,0.0,0.3484644402481849,-4.1159957404948395e-05,0.0013658117972535635,5.0,-0.47097727593265043,0.5290227240673495
