S1,S2,VECM(q),mu,Johansen_slope,stdev,model,w1,w2
AAVEUSDT,AUTOUSDT,0.0,0.0,0.0,0.0026513763139984136,1.0,-0.5369669262456335,0.46303307375436653
