S1,S2,VECM(q),mu,Johansen_slope,stdev,model,w1,w2
BNBUPUSDT,DASHUSDT,3.0,0.0,0.0,0.0034087187960913285,1.0,-0.4607383470295127,0.5392616529704873
BNBUSDT,DASHUSDT,3.0,2.8305335862255916,0.0,0.0020484305027199056,2.0,-0.23625417303106033,0.7637458269689397
