S1,S2,VECM(q),mu,Johansen_slope,stdev,model,w1,w2
AAVEUSDT,DASHUSDT,0.0,-4.976763136693011,0.0,0.007170824625009612,2.0,-0.3170336181781234,-0.6829663818218766
AAVEUSDT,XMRUSDT,0.0,0.022022728537350076,-8.247205620747152e-05,0.0011970096877927082,4.0,0.5067345894329525,-0.49326541056704754
AUTOUSDT,BNBUPUSDT,0.0,0.0,0.0,0.003672515199197032,1.0,-0.4984767620702127,0.5015232379297873
AUTOUSDT,BNBUSDT,0.0,0.25574761064661206,2.609026341310919e-07,0.001581497541396362,4.0,-0.4730533758052918,0.5269466241947082
BNBUPUSDT,BNBUSDT,0.0,2.442343081319145,-3.901353459346134e-06,0.0009174197036005122,4.0,-0.3034149648733265,0.6965850351266736
BNBUSDT,ILVUSDT,0.0,-6.906658738369687,0.0,0.007587380400049173,2.0,-0.2583151200979516,-0.7416848799020483
BNBUSDT,LTCUSDT,0.0,0.0,0.0,,1.0,0.44338999364372145,-0.5566100063562786
DASHUSDT,SOLUSDT,0.0,-4.934302511752034,0.0,0.007546740108971695,2.0,-0.8218988083521321,-0.17810119164786786
DASHUSDT,XMRUSDT,0.0,0.0,0.0,0.0013670941952984338,1.0,-0.5180416011582445,0.48195839884175556
