S1,S2,VECM(q),mu,Johansen_slope,stdev,model,w1,w2
AUTOUSDT,BNBUPUSDT,0.0,-2.877892439209311,0.0,0.0018958610551367185,3.0,-0.6935640808918878,0.30643591910811224
AUTOUSDT,BNBUSDT,0.0,0.0,0.0,0.0013859469940143325,1.0,-0.47425796173506074,0.5257420382649393
