S1,S2,VECM(q),mu,Johansen_slope,stdev,model,w1,w2
BNBUPUSDT,FARMUSDT,0.0,5.134022901377958,0.0,0.003017699004462348,3.0,0.05315757166327915,0.9468424283367209
COMPUSDT,QNTUSDT,0.0,0.0,0.0,0.0019066133162150695,1.0,-0.488050981809061,0.511949018190939
FARMUSDT,SOLUSDT,2.0,0.0,0.0,0.0016478784868719308,1.0,-0.5122819087328541,0.487718091267146
FARMUSDT,XMRUSDT,0.0,-5.067424181150447,0.0,0.003756743858099021,3.0,-0.9910419318581855,-0.00895806814181449
