S1,S2,VECM(q),mu,Johansen_slope,stdev,model,w1,w2
BNBUSDT,COMPUSDT,0.0,-1.9383683053048437,0.0,0.004744091593486163,3.0,-0.6566420883105322,0.34335791168946783
BNBUSDT,SOLUSDT,0.0,-3.9134788636430233,0.00035591099921294814,0.006099668540556991,4.0,-0.19750260703440745,-0.8024973929655925
DASHUSDT,XMRUSDT,0.0,0.0,0.0,0.0073728151540695275,1.0,-0.499048414471431,0.5009515855285691
