S1,S2,VECM(q),mu,Johansen_slope,stdev,model,w1,w2
AUTOUSDT,COMPUSDT,1.0,0.0,0.0,0.0029126328026049864,1.0,-0.4389534259948871,0.5610465740051128
BNBUPUSDT,COMPUSDT,0.0,0.0,0.0,0.0016187691830875921,1.0,-0.4973909485189371,0.5026090514810628
BNBUSDT,COMPUSDT,0.0,-1.868555953599953,0.0,0.0009501076058559011,3.0,-0.6550531002657516,0.34494689973424836
BNBUSDT,SOLUSDT,0.0,-2.1493724302119284,0.0,0.000828011085893531,2.0,-0.6090171452575187,0.3909828547424813
COMPUSDT,XMRUSDT,0.0,0.0,0.0,0.001597440098452635,1.0,-0.4984706607114613,0.5015293392885387
SOLUSDT,XMRUSDT,1.0,0.0,0.0,0.0020612056772720917,1.0,-0.6110394328589916,0.38896056714100835
