S1,S2,VECM(q),mu,Johansen_slope,stdev,model,w1,w2
AAVEUSDT,XMRUSDT,0.0,5.47876699710334,0.0,0.0030902390188482453,3.0,0.14244510973333763,0.8575548902666624
BNBUPUSDT,BNBUSDT,0.0,0.0,0.0,0.0026755485512985275,1.0,-0.4649417454308033,0.5350582545691966
BNBUPUSDT,LTCUSDT,0.0,0.0,0.0,0.006071852926506796,1.0,-0.4515514665472634,0.5484485334527367
BNBUSDT,DASHUSDT,0.0,-5.541936262917168,0.0,0.005105857845795282,3.0,-0.4779394901879411,-0.5220605098120589
BNBUSDT,LTCUSDT,0.0,0.0,0.0,0.005207354684410012,1.0,-0.48652249277472587,0.5134775072252741
KSMUSDT,XMRUSDT,0.0,5.432258254310299,0.0,0.003235186125628732,3.0,0.0942995060643972,0.9057004939356028
LTCUSDT,XMRUSDT,0.0,-5.3896239700559105,0.0,0.003549676241419153,2.0,-0.11717112477095176,-0.8828288752290483
