S1,S2,VECM(q),mu,Johansen_slope,stdev,model,w1,w2
BNBUSDT,COMPUSDT,0.0,0.0,0.0,0.0031256273568144866,1.0,-0.5071047094494718,0.4928952905505281
