S1,S2,VECM(q),mu,Johansen_slope,stdev,model,w1,w2
AUTOUSDT,BNBUPUSDT,0.0,-3.0701364329620042,0.0,0.0038836405130414334,2.0,-0.657847253456705,0.342152746543295
