S1,S2,VECM(q),mu,Johansen_slope,stdev,model,w1,w2
BCHUSDT,LTCUSDT,0.0,1.6072023823543553,-3.6062469105631206e-05,0.001409926398398493,5.0,-0.319462480594485,0.680537519405515
DASHUSDT,LTCUSDT,0.0,0.39884352774257736,7.385819349441661e-05,0.0017719137330443337,4.0,-0.45739192102576004,0.5426080789742399
