S1,S2,VECM(q),mu,Johansen_slope,stdev,model,w1,w2
AAVEUSDT,AUTOUSDT,0.0,0.0,0.0,0.0018877077395275668,1.0,-0.5577444746486222,0.44225552535137785
AUTOUSDT,BCHUSDT,0.0,0.0,0.0,0.0023870871327570714,1.0,-0.4798284261039652,0.5201715738960349
AUTOUSDT,BNBUPUSDT,0.0,-2.6005519070400616,0.0,0.0032552277925785174,2.0,-0.6840830752280862,0.3159169247719138
AUTOUSDT,BNBUSDT,0.0,0.0,0.0,0.0024943180379714378,1.0,-0.48220350507458054,0.5177964949254195
BCHUSDT,DASHUSDT,0.0,-2.02788483326521,0.0,0.0009101334943002621,2.0,-0.6270623068453783,0.3729376931546218
DASHUSDT,FARMUSDT,0.0,0.0,0.0,0.0022016548270639884,1.0,-0.48163021951031987,0.5183697804896801
FARMUSDT,SOLUSDT,0.0,0.0,0.0,0.0029531721340187865,1.0,-0.5213294573136371,0.478670542686363
ILVUSDT,XMRUSDT,0.0,0.0,0.0,0.002048671825104568,1.0,-0.42537570398791674,0.5746242960120833
