S1,S2,VECM(q),mu,Johansen_slope,stdev,model,w1,w2
AAVEUSDT,AUTOUSDT,0.0,-2.21060954299631,0.0,0.0023041248653957766,2.0,0.37293581685472516,-0.6270641831452749
AUTOUSDT,BCHUSDT,0.0,-1.972317081412159,0.0,0.002276254533866358,2.0,-0.6358173651489497,0.3641826348510504
AUTOUSDT,COMPUSDT,0.0,0.0,0.0,0.0019450833624382914,1.0,-0.448842838701736,0.551157161298264
AUTOUSDT,LTCUSDT,0.0,-3.6831073162820056,0.0,0.003157615753203311,3.0,-0.7486006822837812,0.25139931771621876
AUTOUSDT,SOLUSDT,1.0,-0.6018048890021201,-6.0219001950642685e-05,0.0017790464267838245,4.0,-0.49261635531703335,0.5073836446829666
AUTOUSDT,XMRUSDT,0.0,0.0,0.0,0.002287769060994385,1.0,-0.44673434235827597,0.5532656576417241
COMPUSDT,XMRUSDT,0.0,-4.911180372713475,0.0,0.004244105857818041,2.0,0.041194820899975906,-0.958805179100024
DASHUSDT,ILVUSDT,3.0,0.0,0.0,0.0034562566360647035,1.0,-0.5921641731861413,0.4078358268138587
