S1,S2,VECM(q),mu,Johansen_slope,stdev,model,w1,w2
AUTOUSDT,BCHUSDT,1.0,-6.278711171356628,0.0,0.0027630306543466555,3.0,-0.5570709356706715,-0.4429290643293286
AUTOUSDT,FARMUSDT,0.0,-5.330720492345925,-9.849461697677164e-05,0.0031700457236895465,5.0,-0.8997937246262467,0.10020627537375326
AUTOUSDT,ILVUSDT,0.0,-6.507886268643434,-9.22400087120014e-05,0.0030867951012731056,4.0,-0.8647074843276622,-0.13529251567233774
AUTOUSDT,XMRUSDT,1.0,-3.748471990624158,0.0,0.0024697874165897945,2.0,-0.7705021423514368,0.22949785764856323
BCHUSDT,BNBUSDT,1.0,0.375633755549826,-3.407761151892416e-05,0.00045239035267076563,4.0,-0.47745330785030604,0.522546692149694
BNBUSDT,DASHUSDT,1.0,-1.0578682501179417,0.0,0.0010587916461458529,3.0,-0.5330652739728092,0.46693472602719077
