S1,S2,VECM(q),mu,Johansen_slope,stdev,model,w1,w2
AUTOUSDT,LTCUSDT,0.0,0.0,0.0,0.0024314528024966305,1.0,-0.42373601353825935,0.5762639864617407
BCHUSDT,SOLUSDT,0.0,-5.116656096503032,0.0,0.0036299636475153403,2.0,-0.8741289751154406,0.12587102488455937
