S1,S2,VECM(q),mu,Johansen_slope,stdev,model,w1,w2
ALCXUSDT,BNBUPUSDT,0.0,-0.16252992244985573,8.422874246024325e-05,0.0020270026602115343,5.0,-0.5590409163258233,0.44095908367417663
BNBUPUSDT,BNBUSDT,0.0,-2.722136105780946,0.0,0.0006065073365333684,2.0,0.28133734381250936,-0.7186626561874907
BNBUPUSDT,SOLUSDT,0.0,0.9010675813294546,0.0,0.0015082759247475104,3.0,-0.3719581695263951,0.6280418304736048
LTCUSDT,XMRUSDT,0.0,0.0,0.0,0.0011057850314991275,1.0,-0.5112088483075822,0.4887911516924179
