S1,S2,VECM(q),mu,Johansen_slope,stdev,model,w1,w2
AAVEUSDT,AUTOUSDT,0.0,2.29823606105829,0.0,0.002461600178403148,3.0,-0.36238931297691823,0.6376106870230818
AAVEUSDT,COMPUSDT,0.0,1.2775105497479997,0.0,0.0021345744188847313,2.0,-0.3932440220848967,0.6067559779151034
AAVEUSDT,KSMUSDT,0.0,-2.0191021270574865,8.513638862244399e-05,0.0014308785947114205,4.0,0.33183549063011114,-0.6681645093698889
AUTOUSDT,COMPUSDT,0.0,0.0,0.0,0.0027454352833570336,1.0,-0.4582035935742578,0.5417964064257422
AUTOUSDT,SOLUSDT,0.0,-1.6474158311760672,-9.018616784538845e-05,0.0019369342373450045,5.0,-0.5618901237934149,0.43810987620658526
BNBUSDT,XMRUSDT,0.0,-0.28894851600324545,-0.00015599565865936316,0.001268370088830217,5.0,-0.5059963792599849,0.4940036207400152
COMPUSDT,KSMUSDT,0.0,0.8868518166209316,-5.66220581032713e-05,0.0019679705463424703,5.0,-0.42601582891385015,0.57398417108615
COMPUSDT,QNTUSDT,0.0,-1.4124183809736588,0.0,0.0029106836720932663,2.0,-0.6199387385227044,0.3800612614772956
QNTUSDT,XMRUSDT,0.0,0.659618366574876,-0.00013512576866235625,0.0028925814819127497,4.0,-0.4346381881720432,0.5653618118279569
