S1,S2,VECM(q),mu,Johansen_slope,stdev,model,w1,w2
AAVEUSDT,AUTOUSDT,0.0,0.0,0.0,0.00321825300125406,1.0,-0.5818189188555346,0.41818108114446534
AAVEUSDT,BNBUPUSDT,0.0,0.0,0.0,0.004156437647330973,1.0,-0.5430642936141221,0.45693570638587794
AAVEUSDT,BNBUSDT,0.0,0.0,0.0,0.00313785117298148,1.0,-0.5044327483102862,0.4955672516897139
AUTOUSDT,BNBUPUSDT,0.0,0.0,0.0,0.004939064587351303,1.0,-0.4606327315645408,0.5393672684354592
AUTOUSDT,BNBUSDT,0.0,0.0,0.0,0.0037153512843884655,1.0,-0.42240255580954394,0.5775974441904561
AUTOUSDT,DASHUSDT,0.0,0.0,0.0,0.003643352461571475,1.0,-0.4046917396942357,0.5953082603057643
AUTOUSDT,KSMUSDT,0.0,0.0,0.0,0.004603575177764098,1.0,-0.42743823217014,0.57256176782986
BNBUPUSDT,BNBUSDT,0.0,0.0,0.0,0.002260614369529074,1.0,-0.46131728663069815,0.5386827133693018
BNBUPUSDT,KSMUSDT,0.0,0.0,0.0,0.004690251927005426,1.0,-0.4663775134184625,0.5336224865815374
