S1,S2,VECM(q),mu,Johansen_slope,stdev,model,w1,w2
BNBUPUSDT,BNBUSDT,0.0,-2.0372568690019923,0.0,0.0008754198934937679,2.0,0.31375282550328804,-0.686247174496712
KSMUSDT,SOLUSDT,0.0,5.404387312910017,0.0002870091554724124,0.005297367173293401,4.0,0.728975849070414,0.271024150929586
