S1,S2,VECM(q),mu,Johansen_slope,stdev,model,w1,w2
AAVEUSDT,FARMUSDT,2.0,4.925756587012809,0.0001800817273099973,0.003158454803702957,4.0,-0.009717413437588942,0.9902825865624111
AAVEUSDT,KSMUSDT,0.0,-0.7470332074136521,0.0,0.0010593634768194706,3.0,-0.5763228408853255,0.4236771591146746
AUTOUSDT,BNBUPUSDT,0.0,0.0,0.0,0.0031142653814831356,1.0,-0.4896887666328484,0.5103112333671517
AUTOUSDT,SOLUSDT,0.0,0.0,0.0,0.003044715081473846,1.0,-0.4393703300859152,0.5606296699140848
BCHUSDT,FARMUSDT,2.0,0.0,0.0,0.0012725281748205259,1.0,-0.4365271295431276,0.5634728704568724
BNBUPUSDT,KSMUSDT,1.0,-1.5012800746022505,0.0,0.0013859610020730071,2.0,0.35678949940673055,-0.6432105005932695
COMPUSDT,KSMUSDT,0.0,1.2245526793002361,0.0,0.0015319278568230988,3.0,-0.40734359485190924,0.5926564051480908
FARMUSDT,KSMUSDT,2.0,-1.7972480555361858,0.0,0.0025660234665973902,3.0,-0.707669563575424,0.29233043642457607
FARMUSDT,LTCUSDT,2.0,-4.0125433663950805,-0.0001240692163763034,0.0024386761962475025,4.0,-0.9036311585865981,0.09636884141340187
