S1,S2,VECM(q),mu,Johansen_slope,stdev,model,w1,w2
KSMUSDT,QNTUSDT,0.0,0.0,0.0,0.004235251431118076,1.0,-0.4864866178853695,0.5135133821146305
