S1,S2,VECM(q),mu,Johansen_slope,stdev,model,w1,w2
AUTOUSDT,BCHUSDT,0.0,0.0,0.0,0.0013731945509053323,1.0,-0.4787772325812853,0.5212227674187148
AUTOUSDT,BNBUPUSDT,0.0,0.0,0.0,0.0022232593821087114,1.0,-0.47395174356395614,0.5260482564360438
AUTOUSDT,BNBUSDT,0.0,0.0,0.0,0.0014040700895045558,1.0,-0.46486514174673277,0.5351348582532672
AUTOUSDT,COMPUSDT,0.0,-2.537024683985674,0.0002729327541526531,0.002229342567784909,4.0,-0.6533134577816898,0.3466865422183102
AUTOUSDT,DASHUSDT,0.0,0.0,0.0,0.0017821309187325781,1.0,-0.43641311577115044,0.5635868842288495
BCHUSDT,LTCUSDT,0.0,0.0,0.0,0.0021313342541362844,1.0,-0.45027656893784485,0.5497234310621552
BNBUSDT,DASHUSDT,0.0,-1.7432394533552709,4.3632309922652265e-05,0.0008359130256470734,4.0,-0.619645190590603,0.3803548094093971
