S1,S2,VECM(q),mu,Johansen_slope,stdev,model,w1,w2
BCHUSDT,COMPUSDT,0.0,-2.0710192663968314,0.0,0.0010533926290976436,3.0,-0.643443338228159,0.35655666177184103
BNBUPUSDT,XMRUSDT,0.0,2.914932013387811,0.00031244694339421894,0.00776010306333345,4.0,-0.23354183086026595,0.7664581691397341
BNBUSDT,XMRUSDT,0.0,1.3484367920391291,0.0002548791928745312,0.005165281149019393,4.0,-0.36918857284321305,0.630811427156787
LTCUSDT,XMRUSDT,0.0,0.33698730808400135,-0.00016345680890811687,0.0020480592005644948,4.0,0.5532919978120652,-0.44670800218793477
