S1,S2,VECM(q),mu,Johansen_slope,stdev,model,w1,w2
AAVEUSDT,BCHUSDT,0.0,0.06464384506304519,-0.00030007316286177494,0.0026363614999176483,4.0,0.5315211990106457,-0.4684788009893543
BCHUSDT,BNBUSDT,0.0,0.0,0.0,0.0034011275019637795,1.0,-0.4701284331017323,0.5298715668982676
BNBUPUSDT,BNBUSDT,0.0,-1.3609579628335664,0.0,0.0018136338014606928,2.0,0.38330985036389886,-0.6166901496361011
