S1,S2,VECM(q),mu,Johansen_slope,stdev,model,w1,w2
BCHUSDT,BNBUSDT,0.0,-0.5978175220402946,0.0,0.0011680573458221326,3.0,-0.5291497925275057,0.4708502074724943
BNBUPUSDT,BNBUSDT,1.0,-2.328653819933403,0.0,0.000920774980681234,2.0,0.30451957432417137,-0.6954804256758286
COMPUSDT,SOLUSDT,1.0,-2.1702367530179583,0.0,0.0019487280266685112,3.0,-0.5974352036887488,0.40256479631125114
KSMUSDT,LTCUSDT,1.0,1.2104313951332901,-0.0001561034546678035,0.0024984638393695277,4.0,-0.36781029291149864,0.6321897070885013
KSMUSDT,SOLUSDT,1.0,0.8472351755962992,0.0,0.0020872789054621594,2.0,0.49135087115192844,-0.5086491288480716
