S1,S2,VECM(q),mu,Johansen_slope,stdev,model,w1,w2
AAVEUSDT,XMRUSDT,0.0,6.117687875700812,0.0,0.00667695850787675,2.0,0.7622918520522618,0.23770814794773815
BNBUPUSDT,BNBUSDT,0.0,-2.3426867113700807,0.0,0.0008040893688600039,2.0,0.2921464176618302,-0.7078535823381699
BNBUPUSDT,XMRUSDT,0.0,0.0,0.0,0.02452788989221271,1.0,-0.4502838764044821,0.5497161235955179
BNBUSDT,COMPUSDT,0.0,-2.32673054631463,0.0,0.0014024368112478135,3.0,-0.6843692528445542,0.31563074715544576
BNBUSDT,XMRUSDT,0.0,0.0,0.0,0.020845246347560374,1.0,-0.4906147299784844,0.5093852700215156
SOLUSDT,XMRUSDT,0.0,4.434124669219578,0.0,0.006547183004310404,2.0,0.7175309134659482,0.28246908653405184
