S1,S2,VECM(q),mu,Johansen_slope,stdev,model,w1,w2
AAVEUSDT,BCHUSDT,0.0,0.0,0.0,0.0036317973002887634,1.0,-0.5396083198883178,0.46039168011168213
AAVEUSDT,LTCUSDT,2.0,0.0,0.0,0.002834242158523701,1.0,-0.48685917548268,0.51314082451732
AAVEUSDT,SOLUSDT,0.0,0.0,0.0,0.0019434916706122347,1.0,-0.381117369277706,0.618882630722294
LTCUSDT,SOLUSDT,2.0,4.556460764237698,0.0,0.005439745388132502,2.0,0.3793052400770212,0.6206947599229787
