S1,S2,VECM(q),mu,Johansen_slope,stdev,model,w1,w2
LTCUSDT,XMRUSDT,2.0,0.0,0.0,0.001325876597511325,1.0,-0.5043803697305427,0.4956196302694574
