S1,S2,VECM(q),mu,Johansen_slope,stdev,model,w1,w2
BCHUSDT,LTCUSDT,0.0,-0.014563706958946928,-0.0001179706111279402,0.001786916105895273,4.0,-0.4586305769218371,0.5413694230781629
BNBUPUSDT,BNBUSDT,0.0,-1.8720277726609604,0.0,0.0014660150678777178,2.0,0.31143383233264144,-0.6885661676673586
BNBUPUSDT,LTCUSDT,0.0,-3.841382499849135,8.547560074644306e-05,0.00334246951620144,4.0,0.1177652308664415,-0.8822347691335585
BNBUSDT,LTCUSDT,0.0,3.895805370375404,0.0,0.003933023080222701,3.0,-0.11934156573535554,0.8806584342646445
