S1,S2,VECM(q),mu,Johansen_slope,stdev,model,w1,w2
AAVEUSDT,KSMUSDT,0.0,0.0,0.0,0.0056544937446673495,1.0,-0.5171374899320715,0.4828625100679284
AUTOUSDT,BNBUSDT,0.0,0.0,0.0,0.0016265036458272411,1.0,-0.4797726547317639,0.5202273452682361
AUTOUSDT,LTCUSDT,0.0,0.0,0.0,0.0026333610162480882,1.0,-0.432309828146825,0.5676901718531749
DASHUSDT,KSMUSDT,0.0,0.0,0.0,0.016094350233729147,1.0,0.5373080173611514,-0.46269198263884853
DASHUSDT,LTCUSDT,0.0,1.9656995225087843,0.0,0.0015719507391356872,2.0,-0.31693905780614295,0.683060942193857
ILVUSDT,KSMUSDT,0.0,0.0,0.0,0.00812903400484843,1.0,-0.46441270377650123,0.5355872962234989
KSMUSDT,LTCUSDT,0.0,0.0,0.0,0.008511788370866222,1.0,-0.4633678406078798,0.5366321593921202
