S1,S2,VECM(q),mu,Johansen_slope,stdev,model,w1,w2
ALCXUSDT,BNBUPUSDT,0.0,0.0,0.0,0.005639704913460461,1.0,-0.5431593291445824,0.4568406708554176
ALCXUSDT,BNBUSDT,0.0,0.0,0.0,0.0036265241426050813,1.0,-0.5379799544397412,0.46202004556025883
ALCXUSDT,SOLUSDT,0.0,0.0,0.0,0.0036144382607335825,1.0,-0.49204758873966215,0.5079524112603379
BCHUSDT,BNBUPUSDT,0.0,0.0,0.0,0.0035145523468599156,1.0,-0.5129308691761799,0.48706913082382003
BNBUPUSDT,COMPUSDT,0.0,-1.762722447764416,0.0,0.004266182668049214,3.0,-0.6050785633791502,0.39492143662084983
BNBUPUSDT,DASHUSDT,0.0,-1.3031055613255678,0.0,0.0038037425867588513,3.0,-0.5492625301456561,0.45073746985434393
BNBUPUSDT,XMRUSDT,0.0,0.0,0.0,0.003692693404128724,1.0,-0.4547503993807013,0.5452496006192988
