S1,S2,VECM(q),mu,Johansen_slope,stdev,model,w1,w2
AUTOUSDT,BNBUPUSDT,0.0,3.9429334966700966,0.0,0.004347425864779574,2.0,0.7496546288742618,-0.2503453711257382
AUTOUSDT,LTCUSDT,0.0,0.0,0.0,0.0029384526537862376,1.0,-0.418751283432901,0.581248716567099
COMPUSDT,DASHUSDT,0.0,-4.0713345079605405,-0.0002875466638620295,0.0032713263707500775,5.0,-0.8261331913819311,0.17386680861806897
COMPUSDT,LTCUSDT,0.0,-1.8023215959481342,-0.00017424404628270672,0.002064672956971872,4.0,-0.6232850966327912,0.3767149033672088
