S1,S2,VECM(q),mu,Johansen_slope,stdev,model,w1,w2
BNBUPUSDT,BNBUSDT,1.0,-2.2245499249017753,0.0,0.0006441183536558158,2.0,0.30072174193768453,-0.6992782580623155
BNBUSDT,SOLUSDT,0.0,1.971486186494034,0.0,0.0016114418501336015,2.0,0.5619245959847373,-0.43807540401526274
