S1,S2,VECM(q),mu,Johansen_slope,stdev,model,w1,w2
AUTOUSDT,BCHUSDT,0.0,-2.697245629896527,0.00035947885406415565,0.0034560887451946286,4.0,-0.6154799210011949,0.3845200789988052
AUTOUSDT,BNBUSDT,0.0,-1.1526318557111854,0.00018216160539794284,0.002725015186334293,4.0,-0.49336102450545,0.5066389754945501
AUTOUSDT,COMPUSDT,0.0,0.0,0.0,0.004921062453599614,1.0,-0.42923341367247864,0.5707665863275214
AUTOUSDT,DASHUSDT,0.0,-0.976633494071629,0.0,0.0035713599328983333,3.0,-0.47153563709691676,0.5284643629030832
AUTOUSDT,KSMUSDT,0.0,0.6271968687070284,-0.00017075082838824505,0.0029911570183147685,4.0,0.46534647100427945,-0.5346535289957206
BNBUPUSDT,BNBUSDT,0.0,0.0,0.0,0.0019825599811952197,1.0,-0.46282485148157854,0.5371751485184214
