S1,S2,VECM(q),mu,Johansen_slope,stdev,model,w1,w2
AUTOUSDT,COMPUSDT,0.0,0.0,0.0,0.004235391347763076,1.0,-0.4584953730609498,0.5415046269390502
AUTOUSDT,KSMUSDT,0.0,-6.117980762489938,0.0,0.0055825243570272465,2.0,-0.9441266838828607,0.055873316117139325
