S1,S2,VECM(q),mu,Johansen_slope,stdev,model,w1,w2
AAVEUSDT,BCHUSDT,0.0,-6.254614508454843,0.0,0.002652697013137791,2.0,-0.11170273701048133,-0.8882972629895187
AAVEUSDT,KSMUSDT,0.0,-5.811309010411191,0.0,0.004077659789638978,2.0,-0.8260110644166802,-0.17398893558331982
BNBUPUSDT,BNBUSDT,0.0,-2.5873128288324736,0.0,0.0005691190058151263,2.0,0.2823848888395415,-0.7176151111604585
