S1,S2,VECM(q),mu,Johansen_slope,stdev,model,w1,w2
BCHUSDT,XMRUSDT,0.0,0.0,0.0,0.0032610846966819153,1.0,-0.4600579180055698,0.5399420819944302
BNBUSDT,DASHUSDT,0.0,0.0,0.0,0.0014503202247917186,1.0,-0.4735560641095664,0.5264439358904336
COMPUSDT,DASHUSDT,0.0,0.7095289357824197,0.0,0.0018454369620386228,3.0,-0.4002869108340955,0.5997130891659045
COMPUSDT,SOLUSDT,0.0,1.2659141407707537,-0.0002875307759533893,0.0025265490380707183,4.0,0.4927739646030281,-0.5072260353969719
