S1,S2,VECM(q),mu,Johansen_slope,stdev,model,w1,w2
COMPUSDT,LTCUSDT,1.0,-1.0279284765779428,4.4801404088693354e-05,0.00461560569523287,4.0,-0.5510753392525171,0.448924660747483
