S1,S2,VECM(q),mu,Johansen_slope,stdev,model,w1,w2
AAVEUSDT,FARMUSDT,0.0,0.0,0.0,0.0012574704450488703,1.0,-0.4708699240348961,0.529130075965104
BNBUPUSDT,BNBUSDT,0.0,-2.6633372692927697,0.0,0.0006023490023452685,2.0,0.28446831442810033,-0.7155316855718996
