S1,S2,VECM(q),mu,Johansen_slope,stdev,model,w1,w2
AAVEUSDT,SOLUSDT,0.0,0.0,0.0,0.0028926424684197274,1.0,-0.3684868114599112,0.6315131885400888
