S1,S2,VECM(q),mu,Johansen_slope,stdev,model,w1,w2
AAVEUSDT,LTCUSDT,0.0,0.0,0.0,0.0019732228047908756,1.0,-0.4735930096603049,0.5264069903396952
AAVEUSDT,QNTUSDT,0.0,6.003661985803482,0.0,0.004893435594311107,3.0,0.851733983962367,0.1482660160376331
COMPUSDT,QNTUSDT,0.0,6.138598720682445,0.0,0.006661056868673914,3.0,0.7624828929261787,0.23751710707382143
