S1,S2,VECM(q),mu,Johansen_slope,stdev,model,w1,w2
BNBUPUSDT,BNBUSDT,0.0,0.0,0.0,0.0012469202563781107,1.0,-0.46147286068874477,0.5385271393112553
