S1,S2,VECM(q),mu,Johansen_slope,stdev,model,w1,w2
AAVEUSDT,QNTUSDT,0.0,5.700118617016169,0.00011416987914192564,0.00233092582864362,5.0,0.3206275713942686,0.6793724286057313
BCHUSDT,KSMUSDT,0.0,-6.350887139154717,0.0,0.004122167919572087,2.0,-0.8717478915269007,-0.12825210847309937
BCHUSDT,QNTUSDT,0.0,5.923333616270687,0.00016097899200875603,0.002326810524423403,5.0,0.3229945068505075,0.6770054931494924
BNBUSDT,QNTUSDT,0.0,5.7795474037411,0.0001249128717288286,0.0025927400489558286,5.0,0.2552799941366119,0.7447200058633882
COMPUSDT,KSMUSDT,0.0,-5.800876174270274,2.1991731040292754e-05,0.00476806330252972,4.0,-0.845569533689274,-0.15443046631072602
KSMUSDT,XMRUSDT,0.0,-5.664778961319471,0.0,0.004029905307324156,2.0,-0.13201318474142118,-0.8679868152585789
QNTUSDT,XMRUSDT,0.0,-5.672118433868489,-0.00014782064854205904,0.00244911393647746,5.0,-0.7128824668900307,-0.28711753310996935
