S1,S2,VECM(q),mu,Johansen_slope,stdev,model,w1,w2
AUTOUSDT,SOLUSDT,0.0,1.491502566270143,-0.00013652471728225237,0.002682603764444019,4.0,-0.3181992556259767,0.6818007443740234
BNBUPUSDT,LTCUSDT,0.0,-2.7027674392334435,0.0,0.004456465503469555,2.0,0.2299774245225846,-0.7700225754774153
BNBUPUSDT,SOLUSDT,0.0,3.926032507500666,-0.0001475836131149599,0.003756716528479872,5.0,-0.12481042947285723,0.8751895705271427
BNBUSDT,LTCUSDT,0.0,0.0,0.0,0.0024367665952351827,1.0,-0.4618155973114681,0.5381844026885318
BNBUSDT,SOLUSDT,0.0,2.9671851462065146,-0.00013839365128197505,0.0034541012841180128,5.0,-0.20854337873653506,0.7914566212634649
ILVUSDT,SOLUSDT,0.0,0.0,0.0,0.0024763743533590685,1.0,-0.4380635166226828,0.5619364833773172
KSMUSDT,LTCUSDT,0.0,0.0,0.0,0.0018145164582554437,1.0,-0.4801984257111433,0.5198015742888568
LTCUSDT,SOLUSDT,0.0,0.0,0.0,0.001884582213272219,1.0,-0.4964828679166419,0.5035171320833581
SOLUSDT,XMRUSDT,0.0,1.3763302451471153,0.0,0.003939377470036404,2.0,-0.378009657208835,0.621990342791165
