S1,S2,VECM(q),mu,Johansen_slope,stdev,model,w1,w2
AAVEUSDT,KSMUSDT,0.0,-0.25832884025140507,0.00014262560707326417,0.0022815899765029467,5.0,-0.5206610301422296,0.4793389698577703
AUTOUSDT,BCHUSDT,0.0,3.580575171759143,-0.0001890426784905603,0.0036807107253476867,5.0,-0.21273367971823434,0.7872663202817657
BNBUPUSDT,BNBUSDT,0.0,-1.9061379828510119,0.0,0.000883798819680761,2.0,0.34492538600516903,-0.6550746139948309
BNBUSDT,KSMUSDT,0.0,0.0,0.0,0.0030681367469896615,1.0,-0.49089344196852097,0.5091065580314791
