S1,S2,VECM(q),mu,Johansen_slope,stdev,model,w1,w2
AAVEUSDT,COMPUSDT,0.0,0.0,0.0,0.0010411378244374015,1.0,-0.5105965886300851,0.48940341136991494
BNBUPUSDT,BNBUSDT,0.0,-2.5393821713596596,0.0,0.0009719770196943296,2.0,0.2865933069626852,-0.7134066930373147
BNBUPUSDT,COMPUSDT,0.0,0.09399609498317618,-0.0002587830031078636,0.0028634695238349355,4.0,-0.513457888624053,0.486542111375947
BNBUPUSDT,KSMUSDT,0.0,1.0922122018339915,0.0,0.0024622904402777854,3.0,-0.38781330196322117,0.6121866980367788
BNBUSDT,COMPUSDT,0.0,-2.4863912092368783,-0.00014392404455551878,0.0014421337905408328,4.0,-0.7210573276067538,0.27894267239324627
