S1,S2,VECM(q),mu,Johansen_slope,stdev,model,w1,w2
AAVEUSDT,BNBUSDT,0.0,0.9665064443294523,7.203179987381637e-05,0.0013340070094193894,4.0,-0.4221190888028935,0.5778809111971066
AAVEUSDT,COMPUSDT,0.0,-2.090170970029877,0.0001429678295853585,0.002288340381211777,4.0,-0.6760925856429683,0.3239074143570318
