S1,S2,VECM(q),mu,Johansen_slope,stdev,model,w1,w2
BNBUPUSDT,BNBUSDT,0.0,-2.2266199309955237,0.0,0.000764242142149781,2.0,0.3196930823376155,-0.6803069176623845
