S1,S2,VECM(q),mu,Johansen_slope,stdev,model,w1,w2
AAVEUSDT,SOLUSDT,0.0,0.0,0.0,0.0020281626896002623,1.0,-0.4761037372958003,0.5238962627041998
AUTOUSDT,COMPUSDT,1.0,-6.834620425386992,0.0,0.00330254917495513,3.0,-0.8919234736766317,-0.10807652632336827
AUTOUSDT,QNTUSDT,0.0,-6.796851684606597,0.0,0.00362277298133251,3.0,-0.8702849954337946,-0.1297150045662054
AUTOUSDT,SOLUSDT,0.0,-6.884315108691992,0.0,0.003810654451159533,2.0,-0.9514349211100762,-0.048565078889923785
LTCUSDT,QNTUSDT,0.0,1.1988358999172921,-9.687028757144098e-05,0.0017432544213360035,4.0,-0.40969394294784434,0.5903060570521558
QNTUSDT,SOLUSDT,0.0,0.0,0.0,0.0026611317297846977,1.0,-0.4830418745798962,0.5169581254201038
