S1,S2,VECM(q),mu,Johansen_slope,stdev,model,w1,w2
AUTOUSDT,SOLUSDT,0.0,-2.358173799035557,0.0,0.002140195452531022,2.0,-0.6238418754000892,0.37615812459991077
BNBUPUSDT,BNBUSDT,0.0,-2.6635539251286744,0.0,0.0007867061790575446,2.0,0.28205955864837695,-0.717940441351623
BNBUPUSDT,COMPUSDT,0.0,1.7352947282883835,0.0,0.0015885374483444556,2.0,-0.36487506069557285,0.6351249393044273
BNBUSDT,COMPUSDT,0.0,0.0,0.0,0.0011158994773754105,1.0,-0.4999381654590549,0.5000618345409452
COMPUSDT,LTCUSDT,0.0,0.0,0.0,0.0008860790398620152,1.0,-0.4613156223034557,0.5386843776965443
FARMUSDT,SOLUSDT,0.0,-0.8349768026098929,0.0,0.0019177807163262217,3.0,-0.5756083654473982,0.4243916345526017
FARMUSDT,XMRUSDT,0.0,0.0,0.0,0.002176137843488177,1.0,-0.5190121160790969,0.4809878839209031
