S1,S2,VECM(q),mu,Johansen_slope,stdev,model,w1,w2
AUTOUSDT,XMRUSDT,0.0,-1.5085460611296109,0.00010900561680982115,0.0025340085985328152,4.0,-0.5621941724044636,0.4378058275955364
DASHUSDT,SOLUSDT,0.0,0.0,0.0,0.0020346158351960573,1.0,-0.4139237273737871,0.586076272626213
