S1,S2,VECM(q),mu,Johansen_slope,stdev,model,w1,w2
AAVEUSDT,KSMUSDT,1.0,0.0,0.0,0.0025675397484321264,1.0,-0.5036936967048238,0.4963063032951763
BNBUSDT,SOLUSDT,1.0,-2.1397917047443693,0.0,0.0012697785217333035,2.0,-0.5816512207195718,0.4183487792804282
KSMUSDT,LTCUSDT,1.0,0.0,0.0,0.0027232733534960966,1.0,-0.46842256324348,0.53157743675652
KSMUSDT,SOLUSDT,1.0,-1.6753199753043013,0.0,0.0026702663813310337,3.0,-0.4997592818051641,0.5002407181948358
