S1,S2,VECM(q),mu,Johansen_slope,stdev,model,w1,w2
AAVEUSDT,XMRUSDT,0.0,-6.104254655321385,0.0,0.0054387581821063215,2.0,-0.23737068993148014,-0.7626293100685199
AUTOUSDT,KSMUSDT,0.0,0.0,0.0,0.005108951743556337,1.0,-0.44610965472094205,0.5538903452790579
BNBUPUSDT,COMPUSDT,0.0,-1.5231117337176647,0.0,0.002263407993161038,2.0,0.36186561295921743,-0.6381343870407825
BNBUPUSDT,XMRUSDT,0.0,6.309921738323068,0.0,0.005741351718101451,2.0,0.1954503339378961,0.804549666062104
BNBUSDT,COMPUSDT,0.0,0.0,0.0,0.0018071250248980532,1.0,-0.5092161154972653,0.49078388450273464
BNBUSDT,XMRUSDT,0.0,6.141802222462616,0.0,0.004850935732334563,2.0,0.32030173206984125,0.6796982679301588
COMPUSDT,LTCUSDT,0.0,1.6537149533589015,-0.00018675022588694921,0.002477482807777193,4.0,-0.33304534409937203,0.666954655900628
COMPUSDT,XMRUSDT,0.0,-6.203611385549711,0.0,0.005090737726580821,2.0,-0.2946422772439343,-0.7053577227560657
LTCUSDT,XMRUSDT,1.0,5.953047882506798,0.0,0.005220235226379287,2.0,0.28920690898945284,0.7107930910105471
