S1,S2,VECM(q),mu,Johansen_slope,stdev,model,w1,w2
AAVEUSDT,KSMUSDT,0.0,-0.67241030933609,0.0,0.001845038394433975,3.0,-0.5622149804354438,0.43778501956455623
BNBUPUSDT,BNBUSDT,0.0,-1.8679869116828853,0.0,0.0006927540996767444,2.0,0.34683628705072184,-0.6531637129492782
