S1,S2,VECM(q),mu,Johansen_slope,stdev,model,w1,w2
BCHUSDT,BNBUPUSDT,0.0,-3.838576293992965,0.0001790696097619945,0.001504041111769469,4.0,-0.7970288256696297,0.2029711743303702
BCHUSDT,COMPUSDT,0.0,0.0,0.0,0.0015679067266255382,1.0,-0.4836163191390118,0.5163836808609882
BNBUPUSDT,BNBUSDT,0.0,-2.0504993806736205,0.0,0.0009656209583544747,2.0,0.3280928633132158,-0.6719071366867841
BNBUPUSDT,LTCUSDT,0.0,2.062744202265422,0.0,0.002051120536889731,3.0,-0.2662054111590865,0.7337945888409134
BNBUSDT,COMPUSDT,0.0,0.0,0.0,0.0017749559572918358,1.0,-0.49321730688432114,0.5067826931156789
BNBUSDT,LTCUSDT,1.0,0.0,0.0,0.001793741995751061,1.0,-0.45378265773002474,0.5462173422699753
DASHUSDT,XMRUSDT,0.0,-0.7258683456430517,0.0002350638090054568,0.0021260412887789755,4.0,-0.5718760814394187,0.4281239185605813
