S1,S2,VECM(q),mu,Johansen_slope,stdev,model,w1,w2
BNBUPUSDT,COMPUSDT,0.0,5.833805985898154,-0.00024359861377563243,0.0036398317947351436,4.0,0.9215830362640124,-0.07841696373598757
BNBUPUSDT,SOLUSDT,0.0,6.581358373529872,-0.00022340477420856468,0.0034448367541191054,4.0,0.8156869891726474,0.1843130108273526
COMPUSDT,SOLUSDT,0.0,0.0,0.0,0.0014690593242873728,1.0,-0.4841873033385576,0.5158126966614424
