S1,S2,VECM(q),mu,Johansen_slope,stdev,model,w1,w2
AAVEUSDT,BNBUPUSDT,0.0,0.0,0.0,0.0030443634900820214,1.0,-0.5291691260671679,0.470830873932832
AAVEUSDT,BNBUSDT,0.0,0.0,0.0,0.0024586189838635363,1.0,-0.4918651854270891,0.5081348145729109
AAVEUSDT,KSMUSDT,0.0,0.0,0.0,0.007891355870910114,1.0,-0.5065714250307957,0.49342857496920434
