S1,S2,VECM(q),mu,Johansen_slope,stdev,model,w1,w2
BCHUSDT,COMPUSDT,0.0,-6.358291319518582,0.0,0.003934567972627094,2.0,-0.9367722988763316,-0.0632277011236684
BCHUSDT,DASHUSDT,0.0,-5.7545090410943,0.0,0.003527563775189379,2.0,-0.4861049078326894,-0.5138950921673106
BCHUSDT,QNTUSDT,0.0,0.0,0.0,0.0025137771973632126,1.0,-0.4405949001910349,0.5594050998089651
BNBUPUSDT,BNBUSDT,0.0,-2.596303293718032,0.0,0.000578546757916879,2.0,0.28169918967939106,-0.7183008103206089
COMPUSDT,DASHUSDT,0.0,-5.271611566346026,0.0,0.004989534683586657,2.0,-0.10365825262185827,-0.8963417473781418
SOLUSDT,XMRUSDT,0.0,3.7797252198353393,-0.00011636394958195602,0.0018286980888287258,5.0,-0.19557230460336192,0.804427695396638
