S1,S2,VECM(q),mu,Johansen_slope,stdev,model,w1,w2
DASHUSDT,KSMUSDT,0.0,5.493435184628696,0.0,0.007184500522071459,2.0,0.7660531768171844,0.23394682318281554
