S1,S2,VECM(q),mu,Johansen_slope,stdev,model,w1,w2
AUTOUSDT,BNBUSDT,0.0,-0.1177610972083248,0.00013541543177268716,0.0024443997096900262,4.0,-0.4411642021502045,0.5588357978497955
AUTOUSDT,COMPUSDT,0.0,0.0,0.0,0.0035510884785653917,1.0,-0.43705425578582946,0.5629457442141705
BNBUPUSDT,BNBUSDT,0.0,-1.3743532086926282,0.0,0.0013096497622481205,2.0,0.35909313838466667,-0.6409068616153334
