S1,S2,VECM(q),mu,Johansen_slope,stdev,model,w1,w2
AAVEUSDT,SOLUSDT,1.0,-5.5457061676769595,0.0,0.0030129149783516035,2.0,-0.12232585391315715,-0.8776741460868428
BNBUPUSDT,BNBUSDT,0.0,-2.2855696442469773,0.0,0.0006640037229532118,2.0,0.3149714742294666,-0.6850285257705334
BNBUPUSDT,FARMUSDT,0.0,0.2529408388315121,0.0001224699318101332,0.0016405292002424716,5.0,-0.40621248312660435,0.5937875168733956
BNBUPUSDT,SOLUSDT,1.0,2.0431085639685738,0.0,0.001922237947000968,2.0,-0.28102988680803126,0.7189701131919687
BNBUSDT,SOLUSDT,1.0,0.0,0.0,0.0012609164547200472,1.0,-0.4597361518742132,0.5402638481257868
DASHUSDT,FARMUSDT,0.0,0.0,0.0,0.005355913161643009,1.0,-0.48544180400773823,0.5145581959922618
DASHUSDT,QNTUSDT,0.0,0.0,0.0,0.005264554435578425,1.0,-0.5057617046478775,0.49423829535212255
DASHUSDT,SOLUSDT,1.0,0.0,0.0,0.0067787107348063385,1.0,-0.5043089101804279,0.4956910898195722
QNTUSDT,SOLUSDT,1.0,5.510464416880929,0.0,0.003995757680804748,3.0,0.022615365111639717,0.9773846348883602
