S1,S2,VECM(q),mu,Johansen_slope,stdev,model,w1,w2
AUTOUSDT,BNBUPUSDT,0.0,3.2687813765520963,0.0,0.0033803348983719424,2.0,0.7084104307209544,-0.29158956927904567
AUTOUSDT,BNBUSDT,0.0,0.0,0.0,0.002717591791848961,1.0,-0.45487489314881996,0.5451251068511801
AUTOUSDT,LTCUSDT,0.0,0.0,0.0,0.0025371306787577443,1.0,-0.4182499091268989,0.5817500908731011
AUTOUSDT,XMRUSDT,0.0,0.0,0.0,0.0029108973861319137,1.0,-0.4406644690347991,0.5593355309652009
BNBUPUSDT,BNBUSDT,0.0,-2.020486338584354,0.0,0.0006202656090387832,2.0,0.33286075589338643,-0.6671392441066135
