S1,S2,VECM(q),mu,Johansen_slope,stdev,model,w1,w2
DASHUSDT,KSMUSDT,0.0,1.8434876633170547,0.0,0.0021477204995911953,3.0,-0.3596720548098766,0.6403279451901235
