S1,S2,VECM(q),mu,Johansen_slope,stdev,model,w1,w2
AAVEUSDT,AUTOUSDT,0.0,-5.2404360114287885,0.0,0.0034429608545480206,2.0,0.10244850521829119,-0.8975514947817088
ALCXUSDT,AUTOUSDT,0.0,3.8424637442649416,0.0,0.0026924851707311715,2.0,-0.2201876861522919,0.7798123138477081
ALCXUSDT,DASHUSDT,0.0,0.0,0.0,0.0018746458704404958,1.0,-0.4789274281909024,0.5210725718090976
ALCXUSDT,KSMUSDT,0.0,-2.480015173135282,0.0,0.0026269257101610775,3.0,-0.7421314031324854,0.2578685968675147
ALCXUSDT,XMRUSDT,0.0,0.0,0.0,0.0015624273429016408,1.0,-0.49679899131598765,0.5032010086840124
