S1,S2,VECM(q),mu,Johansen_slope,stdev,model,w1,w2
BNBUPUSDT,BNBUSDT,0.0,-2.473526743082362,0.0,0.0006620676291373312,2.0,0.2923210241479039,-0.7076789758520962
BNBUPUSDT,DASHUSDT,0.0,1.1350350289170688,0.0,0.002179326214724119,3.0,-0.3693984399167552,0.6306015600832447
BNBUPUSDT,XMRUSDT,0.0,0.40762476742970416,-0.00011958337923463416,0.0026968486486639966,5.0,-0.45855718852071253,0.5414428114792875
BNBUSDT,DASHUSDT,0.0,-1.3142484368598846,0.0,0.0012721783200474865,3.0,-0.5872596569325579,0.41274034306744206
DASHUSDT,XMRUSDT,0.0,-0.7985710909119867,-0.00010844962681917558,0.0016092136148387968,4.0,-0.595265416922426,0.404734583077574
