S1,S2,VECM(q),mu,Johansen_slope,stdev,model,w1,w2
AAVEUSDT,BCHUSDT,2.0,0.0,0.0,,1.0,0.5389963733963794,-0.4610036266036207
BCHUSDT,LTCUSDT,2.0,0.0,0.0,0.003546242242175966,1.0,-0.4476667994415771,0.5523332005584228
