S1,S2,VECM(q),mu,Johansen_slope,stdev,model,w1,w2
AAVEUSDT,AUTOUSDT,1.0,0.0,0.0,0.003152281170787875,1.0,-0.5488873425958488,0.45111265740415124
AUTOUSDT,BNBUSDT,0.0,0.0,0.0,0.004755228592922716,1.0,-0.45384861753767586,0.5461513824623242
AUTOUSDT,COMPUSDT,0.0,0.0,0.0,0.004437425689902879,1.0,-0.4558936619123776,0.5441063380876224
