S1,S2,VECM(q),mu,Johansen_slope,stdev,model,w1,w2
AUTOUSDT,BNBUPUSDT,0.0,3.941003835255102,0.0,0.0042327705226774025,2.0,0.7503666153496689,-0.24963338465033114
AUTOUSDT,BNBUSDT,0.0,1.7849855558312586,0.0,0.0032978634283819426,2.0,0.5862243702102503,-0.4137756297897497
BCHUSDT,LTCUSDT,1.0,-1.9900957100958343,-7.504019554461876e-05,0.001341289560579062,4.0,-0.6130373301610025,0.3869626698389975
BNBUPUSDT,BNBUSDT,0.0,-2.130576955770233,0.0,0.0006840989999198557,2.0,0.31991270621516527,-0.6800872937848348
