S1,S2,VECM(q),mu,Johansen_slope,stdev,model,w1,w2
BNBUSDT,XMRUSDT,2.0,5.530178910553744,0.0,0.003380934144924877,2.0,0.5996225122149098,0.40037748778509014
DASHUSDT,SOLUSDT,0.0,-1.463376740124408,0.0,0.001800813435501199,3.0,-0.5783470189446565,0.4216529810553436
DASHUSDT,XMRUSDT,0.0,-1.0844161130205363,0.0,0.0014042415748030774,2.0,0.41045366048661097,-0.589546339513389
