S1,S2,VECM(q),mu,Johansen_slope,stdev,model,w1,w2
QNTUSDT,XMRUSDT,0.0,0.0,0.0,0.0034581277238028745,1.0,-0.5311747528218036,0.46882524717819635
