S1,S2,VECM(q),mu,Johansen_slope,stdev,model,w1,w2
AAVEUSDT,SOLUSDT,0.0,-0.7602589008609737,-0.0002712869411130563,0.0023648792631694397,4.0,0.22271686146642386,-0.7772831385335761
BNBUPUSDT,DASHUSDT,1.0,3.398756151070534,0.0001596142313848302,0.0026318953773398863,5.0,-0.16649231335798292,0.8335076866420171
KSMUSDT,LTCUSDT,0.0,0.0,0.0,0.002465039623651969,1.0,-0.46318069818532853,0.5368193018146714
KSMUSDT,SOLUSDT,0.0,0.7400446805402497,0.00029760423197604897,0.002704384587706363,4.0,-0.21793230933144997,0.7820676906685501
