S1,S2,VECM(q),mu,Johansen_slope,stdev,model,w1,w2
AAVEUSDT,KSMUSDT,0.0,0.0,0.0,0.002249350973097561,1.0,-0.49850723524954377,0.5014927647504563
BCHUSDT,XMRUSDT,0.0,0.0,0.0,0.003106512519012876,1.0,-0.464478033385964,0.5355219666140361
BNBUPUSDT,BNBUSDT,0.0,-1.8435547573232463,0.0,0.0008094241223291812,2.0,0.349090938669187,-0.6509090613308129
