S1,S2,VECM(q),mu,Johansen_slope,stdev,model,w1,w2
AAVEUSDT,BNBUSDT,0.0,0.0,0.0,0.0025270511768110447,1.0,-0.5028549625191617,0.49714503748083827
AAVEUSDT,DASHUSDT,0.0,-2.6595561467690287,-0.00015865552237596026,0.00247798517068096,4.0,0.2625925945313693,-0.7374074054686307
AAVEUSDT,LTCUSDT,0.0,0.0,0.0,0.002286967203787092,1.0,-0.4771825964198064,0.5228174035801936
DASHUSDT,SOLUSDT,0.0,-5.670544310466235,-0.00034048902143943305,0.004435267695330872,5.0,-0.9163220919723717,-0.08367790802762841
KSMUSDT,SOLUSDT,0.0,-5.539276898945207,-0.0006997201486957397,0.006055469389281652,5.0,-0.6945471286378418,-0.30545287136215815
KSMUSDT,XMRUSDT,0.0,-6.044914043989405,-0.0003581494751248129,0.00411618869134966,4.0,-0.24763713454495184,-0.7523628654550482
SOLUSDT,XMRUSDT,0.0,5.854316717678525,0.00020233756295401657,0.004319233257155297,5.0,0.05007605816079267,0.9499239418392074
