S1,S2,VECM(q),mu,Johansen_slope,stdev,model,w1,w2
AAVEUSDT,AUTOUSDT,1.0,0.0,0.0,0.0025540868626025112,1.0,-0.5470934415618146,0.45290655843818545
AAVEUSDT,SOLUSDT,0.0,-5.396201296655554,0.0,0.004005699805852964,3.0,-0.7558432837214877,-0.24415671627851238
AUTOUSDT,KSMUSDT,2.0,0.0,0.0,0.0032992276448830333,1.0,-0.45869417401621837,0.5413058259837816
AUTOUSDT,SOLUSDT,1.0,5.519969425869896,0.0,0.004296860746674629,2.0,0.5170296611230816,0.4829703388769185
KSMUSDT,SOLUSDT,0.0,4.947794524748877,0.0,0.004590089244210747,3.0,0.514178842247653,0.4858211577523471
KSMUSDT,XMRUSDT,0.0,5.7823719840833565,0.0,0.0037494535338680815,3.0,0.3711082481292435,0.6288917518707566
SOLUSDT,XMRUSDT,0.0,-5.039088218231001,0.0,0.0038947662290648964,3.0,-0.31195809032440974,-0.6880419096755903
