S1,S2,VECM(q),mu,Johansen_slope,stdev,model,w1,w2
AAVEUSDT,COMPUSDT,0.0,0.8558035860853774,0.0,0.0011911085025247882,2.0,0.5759564711840124,-0.42404352881598767
AAVEUSDT,FARMUSDT,0.0,0.0,0.0,0.0027104344068426623,1.0,-0.4817732687278717,0.5182267312721283
COMPUSDT,DASHUSDT,0.0,0.0,0.0,0.0015063426056822961,1.0,-0.4623839136186503,0.5376160863813497
COMPUSDT,FARMUSDT,0.0,5.653820199254905,-0.00034929943618739563,0.004273199458241367,5.0,0.0800117570062797,0.9199882429937203
