S1,S2,VECM(q),mu,Johansen_slope,stdev,model,w1,w2
BNBUPUSDT,LTCUSDT,2.0,0.0,0.0,0.007725379612723193,1.0,-0.4485861656595206,0.5514138343404794
BNBUSDT,LTCUSDT,1.0,-3.540895794663911,0.0,0.013500816869421818,2.0,-0.8079453178193099,0.19205468218069016
