S1,S2,VECM(q),mu,Johansen_slope,stdev,model,w1,w2
BNBUPUSDT,BNBUSDT,1.0,-2.692448992446666,0.0,0.0005875358498538603,2.0,0.2816930693838265,-0.7183069306161736
BNBUPUSDT,COMPUSDT,1.0,-5.897894472120738,-0.00021126098156861229,0.003402682160886562,4.0,-0.4262009379494012,-0.5737990620505988
BNBUPUSDT,LTCUSDT,1.0,-5.730114781197218,-0.0001594168333822743,0.00324146852180077,5.0,-0.5808208794483117,-0.4191791205516883
KSMUSDT,XMRUSDT,0.0,-5.654876520888937,0.0,0.0016934735581294817,2.0,-0.2804006826823705,-0.7195993173176295
