S1,S2,VECM(q),mu,Johansen_slope,stdev,model,w1,w2
AUTOUSDT,BNBUPUSDT,0.0,-2.6134880980327564,0.0,0.0021781945815911815,2.0,-0.6613948015564962,0.33860519844350384
BNBUPUSDT,BNBUSDT,0.0,-2.1593955031455945,0.0,0.0006272625724362266,2.0,0.3204020639191313,-0.6795979360808688
BNBUPUSDT,LTCUSDT,0.0,1.5168751504377531,0.0,0.0011396464646384152,3.0,-0.32607912543610806,0.6739208745638919
