S1,S2,VECM(q),mu,Johansen_slope,stdev,model,w1,w2
AUTOUSDT,BNBUPUSDT,0.0,-2.6929634369478688,0.0,0.003798185522010265,2.0,-0.6632151250710336,0.33678487492896636
AUTOUSDT,BNBUSDT,1.0,0.0,0.0,0.0030169450067242297,1.0,-0.4553735898915626,0.5446264101084374
AUTOUSDT,KSMUSDT,0.0,-2.650356386937559,0.0,0.00429779394271535,2.0,-0.666582054316561,0.3334179456834391
AUTOUSDT,SOLUSDT,0.0,-2.780686212344623,0.0,0.004079551669233148,3.0,-0.6071594375643127,0.3928405624356873
BCHUSDT,SOLUSDT,0.0,-3.27828794017422,0.0,0.0026033125253559393,3.0,-0.6940754272484397,0.3059245727515602
BNBUPUSDT,BNBUSDT,1.0,1.9741983777129402,0.0,0.000881249788073757,3.0,-0.333241367608704,0.6667586323912961
BNBUPUSDT,KSMUSDT,0.0,0.0,0.0,0.0058309763670122165,1.0,-0.5108994003046676,0.4891005996953323
COMPUSDT,KSMUSDT,0.0,5.912561077683938,0.0008224481204428102,0.009640312682265603,4.0,0.38599745021813664,0.6140025497818634
