S1,S2,VECM(q),mu,Johansen_slope,stdev,model,w1,w2
MKRUSDT,PAXGUSDT,0.0,7.498480502342076,0.0,0.0008016956960308175,3.0,0.012147105415446951,0.987852894584553
