S1,S2,VECM(q),mu,Johansen_slope,stdev,model,w1,w2
ETHUSDT,PAXGUSDT,0.0,-7.59012836213412,0.0,0.0006390407028019589,2.0,-0.144488448034932,-0.855511551965068
