S1,S2,VECM(q),mu,Johansen_slope,stdev,model,w1,w2
ETHUSDT,PAXGUSDT,0.0,-7.4593337308991305,0.0,0.0012827894770080029,2.0,-0.03724585222285044,-0.9627541477771496
