S1,S2,VECM(q),mu,Johansen_slope,stdev,model,w1,w2
PAXGUSDT,YFIIUSDT,0.0,7.544894333359836,0.0,0.0006076407752945626,3.0,0.9149319514485356,0.0850680485514645
