S1,S2,VECM(q),mu,Johansen_slope,stdev,model,w1,w2
ETHUSDT,PAXGUSDT,0.0,-7.296311646472653,0.0,0.0009418006029792906,2.0,0.012595369224410055,-0.9874046307755899
MKRUSDT,PAXGUSDT,0.0,-7.355299461861302,0.0,0.0010108415370841052,2.0,0.008893351245416107,-0.991106648754584
