S1,S2,VECM(q),mu,Johansen_slope,stdev,model,w1,w2
ETHUSDT,MKRUSDT,0.0,0.0,0.0,0.0024476287514749316,1.0,-0.506736951979015,0.49326304802098503
