S1,S2,VECM(q),mu,Johansen_slope,stdev,model,w1,w2
ETHUSDT,PAXGUSDT,0.0,7.401822152585219,0.0,0.002078014503305948,3.0,-0.008848499405215019,0.991151500594785
