S1,S2,VECM(q),mu,Johansen_slope,stdev,model,w1,w2
ETHUSDT,YFIIUSDT,0.0,0.0,0.0,0.0016918583537358764,1.0,-0.5081917336871284,0.4918082663128716
