S1,S2,VECM(q),mu,Johansen_slope,stdev,model,w1,w2
MKRUSDT,YFIIUSDT,0.0,5.783851821544403,-0.0010580096722961302,0.00445521228441138,5.0,-0.13444734943216552,0.8655526505678346
