S1,S2,VECM(q),mu,Johansen_slope,stdev,model,w1,w2
ETHUSDT,MKRUSDT,0.0,0.0,0.0,0.0019384317795196487,1.0,-0.5012583815955116,0.4987416184044885
