S1,S2,VECM(q),mu,Johansen_slope,stdev,model,w1,w2
MKRUSDT,YFIIUSDT,0.0,-3.7054824999297438,0.0,0.00223320882541845,2.0,-0.7460287233606185,0.2539712766393815
