S1,S2,VECM(q),mu,Johansen_slope,stdev,model,w1,w2
ETHUSDT,YFIIUSDT,0.0,0.0,0.0,0.0011485365362537006,1.0,-0.49099125773795776,0.5090087422620422
