S1,S2,VECM(q),mu,Johansen_slope,stdev,model,w1,w2
PAXGUSDT,YFIIUSDT,0.0,-7.4773516184848345,0.0,0.0006992545142615113,2.0,-0.9959751293943192,-0.004024870605680747
