S1,S2,VECM(q),mu,Johansen_slope,stdev,model,w1,w2
ETHUSDT,MKRUSDT,4.0,0.0,0.0,0.00343927129895898,1.0,-0.5114679124263946,0.4885320875736054
