S1,S2,VECM(q),mu,Johansen_slope,stdev,model,w1,w2
KP3RUSDT,PAXGUSDT,0.0,-7.499875037472107,0.0,0.0003373436934624067,2.0,-0.00667031877034638,-0.9933296812296536
MKRUSDT,PAXGUSDT,0.0,-7.396702010596472,0.0,0.0003764644930881178,2.0,0.00701883899425123,-0.9929811610057488
