S1,S2,VECM(q),mu,Johansen_slope,stdev,model,w1,w2
ETHUSDT,MKRUSDT,0.0,1.3288809108193873,0.0,0.001903686110112728,3.0,-0.4268821982131572,0.5731178017868428
