S1,S2,VECM(q),mu,Johansen_slope,stdev,model,w1,w2
PAXGUSDT,YFIIUSDT,2.0,-7.518011879182248,0.0,0.000711380059396971,2.0,-0.9907959239720608,-0.00920407602793917
