S1,S2,VECM(q),mu,Johansen_slope,stdev,model,w1,w2
MKRUSDT,PAXGUSDT,0.0,-6.158889479359567,0.0,0.0005168008923080921,2.0,0.08680792576597217,-0.9131920742340279
