S1,S2,VECM(q),mu,Johansen_slope,stdev,model,w1,w2
KP3RUSDT,MKRUSDT,0.0,-1.4696011034261764,0.0002480234326205763,0.003136825768987996,5.0,-0.6247142813950662,0.3752857186049338
