S1,S2,VECM(q),mu,Johansen_slope,stdev,model,w1,w2
MKRUSDT,PAXGUSDT,0.0,-7.4795454124002205,0.0,0.0008865423448934391,2.0,-0.10633756660774996,-0.89366243339225
