S1,S2,VECM(q),mu,Johansen_slope,stdev,model,w1,w2
MKRUSDT,PAXGUSDT,0.0,-6.623951542161197,0.0,0.0012550060848835144,2.0,0.058756700093565296,-0.9412432999064347
