S1,S2,VECM(q),mu,Johansen_slope,stdev,model,w1,w2
ETHUSDT,PAXGUSDT,0.0,7.962715406496817,0.0,0.005411922739269323,2.0,0.9819406522513461,-0.01805934774865381
