S1,S2,VECM(q),mu,Johansen_slope,stdev,model,w1,w2
PAXGUSDT,YFIIUSDT,0.0,-7.024747168203664,0.0,0.000417150255890845,2.0,-0.9697614539570018,0.03023854604299821
