S1,S2,VECM(q),mu,Johansen_slope,stdev,model,w1,w2
ETHUSDT,PAXGUSDT,0.0,4.893617797885893,5.294018237351025e-05,0.0006053764250114896,4.0,-0.1645186166672044,0.8354813833327956
ETHUSDT,YFIIUSDT,0.0,-1.2408693008554366,0.0,0.0013378697334485799,3.0,-0.576179503029648,0.4238204969703519
PAXGUSDT,YFIIUSDT,0.0,-4.741790956416442,-6.398775048944158e-05,0.0005330372471494286,4.0,-0.8262593649950315,0.17374063500496856
