S1,S2,VECM(q),mu,Johansen_slope,stdev,model,w1,w2
MKRUSDT,PAXGUSDT,0.0,7.5102879895958505,0.0,0.0008840503351528164,3.0,0.035871770262272215,0.9641282297377278
