S1,S2,VECM(q),mu,Johansen_slope,stdev,model,w1,w2
ETHUSDT,PAXGUSDT,0.0,-7.100144380426045,0.0,0.0007727590758832651,2.0,0.025558525017237804,-0.9744414749827622
