S1,S2,VECM(q),mu,Johansen_slope,stdev,model,w1,w2
ETHUSDT,YFIIUSDT,0.0,1.5096191274898276,0.0,0.0008710013085708933,3.0,-0.404565199311722,0.5954348006882779
