S1,S2,VECM(q),mu,Johansen_slope,stdev,model,w1,w2
MKRUSDT,PAXGUSDT,0.0,5.716791750642029,0.0,0.0008638475179159139,3.0,-0.116998645516569,0.883001354483431
