S1,S2,VECM(q),mu,Johansen_slope,stdev,model,w1,w2
ETHUSDT,PAXGUSDT,0.0,2.0018114542343906,-4.8696512308958266e-05,0.0006906086725272739,4.0,-0.3460589460935019,0.6539410539064981
