S1,S2,VECM(q),mu,Johansen_slope,stdev,model,w1,w2
ETHUSDT,PAXGUSDT,0.0,-5.432369782182384,0.0,0.0006109171396931537,2.0,0.13551714026334624,-0.8644828597366537
