S1,S2,VECM(q),mu,Johansen_slope,stdev,model,w1,w2
PAXGUSDT,YFIIUSDT,0.0,0.0,0.0,0.0012232758779022958,1.0,-0.5248869455771997,0.47511305442280033
