S1,S2,VECM(q),mu,Johansen_slope,stdev,model,w1,w2
ETHUSDT,YFIIUSDT,0.0,0.8343300377276438,-7.134589710543458e-05,0.0024177300011417125,4.0,-0.4417616040186373,0.5582383959813627
MKRUSDT,PAXGUSDT,0.0,-7.136046813282946,2.1555112259473245e-05,0.0013682906096854682,4.0,0.023113460903601668,-0.9768865390963983
