S1,S2,VECM(q),mu,Johansen_slope,stdev,model,w1,w2
ETHUSDT,YFIIUSDT,0.0,-1.25639759842591,8.777974870024328e-05,0.0015064178776637515,4.0,-0.5759134313226046,0.4240865686773954
