S1,S2,VECM(q),mu,Johansen_slope,stdev,model,w1,w2
PAXGUSDT,YFIIUSDT,0.0,-7.499331697318319,7.751187333156267e-06,0.000474819436723781,4.0,-0.9718080300912708,-0.028191969908729193
