S1,S2,VECM(q),mu,Johansen_slope,stdev,model,w1,w2
ETHUSDT,YFIIUSDT,0.0,0.0,0.0,0.0012674177630060592,1.0,-0.5001183122080507,0.49988168779194936
