S1,S2,VECM(q),mu,Johansen_slope,stdev,model,w1,w2
MKRUSDT,YFIIUSDT,0.0,0.0,0.0,0.0017651523564097987,1.0,-0.5006391632585657,0.4993608367414343
