S1,S2,VECM(q),mu,Johansen_slope,stdev,model,w1,w2
ETHUSDT,PAXGUSDT,0.0,5.71827289666448,0.0,0.00048479340566599344,3.0,-0.11091579761942935,0.8890842023805706
MKRUSDT,PAXGUSDT,0.0,-6.9293651006175185,0.0,0.0005130273363808479,2.0,0.03563709039217048,-0.9643629096078296
