S1,S2,VECM(q),mu,Johansen_slope,stdev,model,w1,w2
MKRUSDT,YFIIUSDT,1.0,1.3484525072245483,0.0,0.0009093613723400363,3.0,-0.43140165551610726,0.5685983444838927
