S1,S2,VECM(q),mu,Johansen_slope,stdev,model,w1,w2
ETHUSDT,MKRUSDT,0.0,-7.866565288431702,-0.0006690419602418365,0.004701167860230415,4.0,-0.35502190179192716,-0.6449780982080728
