S1,S2,VECM(q),mu,Johansen_slope,stdev,model,w1,w2
ETHUSDT,MKRUSDT,0.0,0.0,0.0,0.010945800977068066,1.0,-0.5109870250158455,0.4890129749841545
