S1,S2,VECM(q),mu,Johansen_slope,stdev,model,w1,w2
ETHUSDT,PAXGUSDT,0.0,-6.191239994822822,0.0,0.000660928532938797,2.0,0.08363879927082464,-0.9163612007291754
MKRUSDT,PAXGUSDT,0.0,-6.4139777125122865,0.0,0.0007177852896665988,2.0,0.06872306766621067,-0.9312769323337893
MKRUSDT,YFIIUSDT,0.0,0.0,0.0,0.001776219336485548,1.0,-0.504046358947522,0.495953641052478
