S1,S2,VECM(q),mu,Johansen_slope,stdev,model,w1,w2
ETHUSDT,MKRUSDT,0.0,-0.9980171069252811,0.0,0.0016523271636310502,2.0,-0.572271105583129,0.42772889441687106
ETHUSDT,PAXGUSDT,0.0,-7.56895278462092,0.0,0.0013398313167095857,2.0,-0.019682232239280853,-0.9803177677607191
ETHUSDT,YFIIUSDT,1.0,-3.7198385436244905,0.0,0.006731249251187093,2.0,0.2478992551001268,-0.7521007448998732
MKRUSDT,PAXGUSDT,0.0,-7.572424464244303,0.0,0.0013404024029537143,2.0,-0.015183433372225356,-0.9848165666277746
MKRUSDT,YFIIUSDT,0.0,-4.441060359802162,0.0,0.0067055755723146055,2.0,0.19705020320735894,-0.8029497967926411
