S1,S2,VECM(q),mu,Johansen_slope,stdev,model,w1,w2
ETHUSDT,PAXGUSDT,2.0,4.643357893067405,0.0,0.0007147120595963677,3.0,-0.18781559608383291,0.8121844039161671
