S1,S2,VECM(q),mu,Johansen_slope,stdev,model,w1,w2
MKRUSDT,YFIIUSDT,0.0,-4.024962482513833,0.0,0.002559157247808625,2.0,0.2313200809881486,-0.7686799190118514
