S1,S2,VECM(q),mu,Johansen_slope,stdev,model,w1,w2
ETHUSDT,YFIIUSDT,0.0,-2.4199093717740725,0.0,0.000727284654881981,2.0,-0.6378838337116226,0.3621161662883775
