S1,S2,VECM(q),mu,Johansen_slope,stdev,model,w1,w2
MKRUSDT,YFIIUSDT,0.0,-2.046232869148653,0.0,0.0018593516971547406,3.0,-0.6391730303507422,0.3608269696492578
