S1,S2,VECM(q),mu,Johansen_slope,stdev,model,w1,w2
ETHUSDT,YFIIUSDT,0.0,0.0,0.0,0.0011620774858442937,1.0,-0.5025626935309859,0.4974373064690141
