S1,S2,VECM(q),mu,Johansen_slope,stdev,model,w1,w2
PAXGUSDT,YFIIUSDT,0.0,-7.528759977047441,8.565316253384264e-06,0.0007862194217674282,4.0,-0.9596010517651918,-0.04039894823480827
