S1,S2,VECM(q),mu,Johansen_slope,stdev,model,w1,w2
PAXGUSDT,YFIIUSDT,1.0,-6.971343896710786,0.0,0.0004189925335906993,3.0,-0.9677499696450185,0.0322500303549815
