S1,S2,VECM(q),mu,Johansen_slope,stdev,model,w1,w2
ETHUSDT,YFIIUSDT,0.0,0.0,0.0,0.0012954122169642364,1.0,-0.4978677168021284,0.5021322831978716
MKRUSDT,PAXGUSDT,0.0,7.578205342043102,0.0,0.0012292487215436192,3.0,0.11765066914286387,0.8823493308571362
