S1,S2,VECM(q),mu,Johansen_slope,stdev,model,w1,w2
ETHUSDT,PAXGUSDT,0.0,-7.315189387086927,0.0,0.001699445613720478,2.0,0.014136480244040413,-0.9858635197559595
MKRUSDT,PAXGUSDT,0.0,-7.435623614145457,0.0,0.0017317127468776557,2.0,0.0062586790217368325,-0.9937413209782632
MKRUSDT,YFIIUSDT,0.0,0.3467421311955098,-9.44767005690973e-05,0.00275448416263011,5.0,-0.46144088211464235,0.5385591178853576
