S1,S2,VECM(q),mu,Johansen_slope,stdev,model,w1,w2
PAXGUSDT,YFIIUSDT,1.0,0.0,0.0,0.007948018251184925,1.0,-0.5216474116179487,0.47835258838205136
