S1,S2,VECM(q),mu,Johansen_slope,stdev,model,w1,w2
MKRUSDT,PAXGUSDT,0.0,7.5540144987519895,-2.5641790307048662e-05,0.001456089384241309,5.0,0.024184452584855493,0.9758155474151445
