S1,S2,VECM(q),mu,Johansen_slope,stdev,model,w1,w2
PAXGUSDT,YFIIUSDT,0.0,-6.843932233889713,0.0,0.0010533701524566411,2.0,-0.9580080030306453,0.041991996969354725
