S1,S2,VECM(q),mu,Johansen_slope,stdev,model,w1,w2
MKRUSDT,YFIIUSDT,0.0,-7.605049517649152,-0.0006188752877596069,0.005564334697136905,4.0,-0.5064697105817978,-0.4935302894182022
