S1,S2,VECM(q),mu,Johansen_slope,stdev,model,w1,w2
MKRUSDT,PAXGUSDT,0.0,6.4520969597820335,0.0,0.0007682239476206421,3.0,-0.0683152781098246,0.9316847218901754
