stock1,stock2,trade_capital,open,loss,reward,open_num
ATOMUSDT,BNBUSDT,43148.16864,2,1000,67.34094000000186,1
ATOMUSDT,LTCUSDT,20245.46112,2,1000,117.55742000000009,1
BCHUSDT,XRPUSDT,1111.6058292,2,1000,2.115929200000096,1
BNBUSDT,DOGEUSDT,811.5228,2,1000,1.125599999999963,1
BNBUSDT,LUNAUSDT,67527.6102,2,1000,615.7867200000073,1
LTCUSDT,UNIUSDT,33010.856999999996,2,1000,194.30857999999898,1
