stock1,stock2,trade_capital,open,loss,reward,open_num
ATOMUSDT,ETHUSDT,15010.740719999998,2,1000,61.625089999999545,1
AVAXUSDT,ETHUSDT,120766.01553,2,1000,463.672129999999,1
CRVUSDT,ETHUSDT,6727.71123,2,1000,22.19498999999996,1
CRVUSDT,XRPUSDT,211.3464672,2,1000,0.4285441999999833,1
ETHUSDT,LINKUSDT,15148.58436,2,1000,63.73804000000291,1
LINKUSDT,MATICUSDT,1872.03798,2,1000,13.477454999999964,1
LINKUSDT,XRPUSDT,1388.6317800000002,2,1000,1.355902799999967,1
MATICUSDT,POWRUSDT,25.74756,2,1000,-0.4657707999999978,1
TRXUSDT,XRPUSDT,924.7262895,2,1000,8.292628430000068,1
