S1,S2,VECM(q),mu,Johansen_slope,stdev,model,w1,w2
ETHUSDT,MKRUSDT,0.0,0.0,0.0,0.0014868859429009974,1.0,-0.5078211466580674,0.4921788533419327
ETHUSDT,PAXGUSDT,0.0,0.0,0.0,0.0022874869743887624,1.0,-0.49725443616512205,0.5027455638348779
ETHUSDT,YFIIUSDT,0.0,0.0,0.0,0.004593984015974207,1.0,-0.5062902505245653,0.49370974947543467
MKRUSDT,PAXGUSDT,1.0,0.0,0.0,0.0017883132982213037,1.0,-0.48942557058033465,0.5105744294196654
MKRUSDT,YFIIUSDT,0.0,0.0,0.0,0.0041709564691014295,1.0,-0.49847804417375696,0.5015219558262431
PAXGUSDT,YFIIUSDT,0.0,-7.5119749370944655,1.9820073364851222e-05,0.000598529760603317,4.0,-0.9754335983016216,-0.024566401698378437
