S1,S2,VECM(q),mu,Johansen_slope,stdev,model,w1,w2
KP3RUSDT,PAXGUSDT,0.0,-7.469016824523413,7.951371008353671e-05,0.0015040991268798478,4.0,-0.1009519013183617,-0.8990480986816383
