S1,S2,VECM(q),mu,Johansen_slope,stdev,model,w1,w2
ETHUSDT,PAXGUSDT,0.0,6.966196116966134,0.0,0.0008060361147304669,3.0,-0.033031665252502895,0.9669683347474971
MKRUSDT,PAXGUSDT,0.0,7.186261605242039,0.0,0.0008169934144439331,3.0,-0.019715958715432514,0.9802840412845675
MKRUSDT,YFIIUSDT,0.0,1.9050934967036435,0.0,0.0012972573418348155,3.0,-0.39615051128292833,0.6038494887170717
PAXGUSDT,YFIIUSDT,1.0,7.543072957273996,0.0,0.0008615833137196407,2.0,0.9349365358764965,0.06506346412350354
