S1,S2,VECM(q),mu,Johansen_slope,stdev,model,w1,w2
ETHUSDT,KP3RUSDT,0.0,-7.274085181172891,0.0,0.005986645246481041,2.0,-0.41432787424511247,-0.5856721257548876
ETHUSDT,MKRUSDT,0.0,0.0,0.0,0.0012409819699097943,1.0,-0.48411436181415685,0.5158856381858431
ETHUSDT,PAXGUSDT,0.0,0.0,0.0,0.002548409028731719,1.0,-0.47449893132797805,0.525501068672022
ETHUSDT,YFIIUSDT,0.0,-8.01653603259977,0.0,0.005382209596304494,2.0,-0.3650387459072166,-0.6349612540927835
KP3RUSDT,PAXGUSDT,0.0,7.463134165887582,5.725252578217368e-07,0.0007050796422554572,4.0,0.026647069665616724,0.9733529303343833
KP3RUSDT,YFIIUSDT,0.0,0.0,0.0,0.0025660465446727993,1.0,-0.5452399126746983,0.4547600873253018
MKRUSDT,PAXGUSDT,0.0,7.502320792960838,1.1509127821321643e-06,0.0006326724246114227,4.0,0.0484316779723973,0.9515683220276028
MKRUSDT,YFIIUSDT,0.0,1.1148649494305158,-8.011839120256125e-05,0.0010297532025179096,4.0,-0.431388864541494,0.5686111354585061
PAXGUSDT,YFIIUSDT,0.0,-7.512517421277258,7.882945737088223e-06,0.0006283587890555679,4.0,-0.9351477911225795,-0.06485220887742046
