S1,S2,VECM(q),mu,Johansen_slope,stdev,model,w1,w2
ETHUSDT,YFIIUSDT,1.0,0.6698897260237888,0.0,0.004575450047652675,2.0,0.5356602854961569,-0.46433971450384315
MKRUSDT,YFIIUSDT,1.0,-0.8280691596781828,0.0,0.003990556045445475,2.0,0.43208572687345154,-0.5679142731265484
PAXGUSDT,YFIIUSDT,1.0,-7.549973322707915,0.0,0.0013825276023502842,2.0,-0.9921471741277841,-0.007852825872215878
