S1,S2,VECM(q),mu,Johansen_slope,stdev,model,w1,w2
ETHUSDT,YFIIUSDT,0.0,0.0,0.0,0.0019566945894431515,1.0,-0.4917197988994973,0.5082802011005028
MKRUSDT,PAXGUSDT,0.0,-6.512405898494624,0.0,0.0009783606481594995,2.0,0.06075439302724941,-0.9392456069727506
MKRUSDT,YFIIUSDT,0.0,3.9283245897707766,0.0,0.004809574801100399,2.0,-0.23837862701866588,0.7616213729813341
PAXGUSDT,YFIIUSDT,1.0,-6.567055032986442,2.2750479298198197e-05,0.0009102585832846349,4.0,-0.9398089099069677,0.060191090093032217
