S1,S2,VECM(q),mu,Johansen_slope,stdev,model,w1,w2
ETHUSDT,MKRUSDT,0.0,2.246207812201896,-9.018050340307798e-05,0.0012858726155853934,4.0,0.6511926532525967,-0.34880734674740327
ETHUSDT,PAXGUSDT,0.0,-7.46541668270535,0.0,0.0006663141805349405,2.0,-0.003157254800210545,-0.9968427451997895
MKRUSDT,PAXGUSDT,0.0,-7.429819558616372,0.0,0.0005968582385831946,2.0,0.002332838224796994,-0.997667161775203
PAXGUSDT,YFIIUSDT,0.0,-7.470333042206736,-4.8333894037114416e-06,0.000570993646156772,4.0,-0.9802375442513097,-0.019762455748690247
