S1,S2,VECM(q),mu,Johansen_slope,stdev,model,w1,w2
ETHUSDT,PAXGUSDT,0.0,-7.528224977440149,0.0,0.0005093854445627675,2.0,-0.021933063811623087,-0.9780669361883769
MKRUSDT,PAXGUSDT,0.0,-7.13853572620581,0.0,0.00045070884345110125,2.0,0.02372201253306782,-0.9762779874669322
MKRUSDT,YFIIUSDT,0.0,0.0,0.0,0.0014900479006261546,1.0,-0.5126251812752115,0.48737481872478844
PAXGUSDT,YFIIUSDT,0.0,-7.5140558990474595,0.0,0.0004711508263089517,2.0,-0.997660327313279,-0.0023396726867209914
