S1,S2,VECM(q),mu,Johansen_slope,stdev,model,w1,w2
ETHUSDT,PAXGUSDT,0.0,5.737542045477611,0.0,0.0006840175494324854,3.0,-0.11030441493644838,0.8896955850635516
ETHUSDT,YFIIUSDT,0.0,1.5096191274898276,0.0,0.0008710013085708933,3.0,-0.404565199311722,0.5954348006882779
MKRUSDT,PAXGUSDT,0.0,7.262200569253121,1.8771286832379087e-05,0.0007484122918150508,5.0,-0.01479823518766565,0.9852017648123343
MKRUSDT,YFIIUSDT,0.0,4.124631619602532,5.196834279491553e-05,0.0011082635538534756,5.0,-0.2539679939034612,0.7460320060965389
