S1,S2,VECM(q),mu,Johansen_slope,stdev,model,w1,w2
ETHUSDT,MKRUSDT,0.0,0.0,0.0,0.0014645292301395847,1.0,-0.5058088424939929,0.494191157506007
ETHUSDT,PAXGUSDT,1.0,6.198939225474285,4.5265392147451265e-05,0.0006326556361127146,5.0,-0.08486874479151546,0.9151312552084845
