S1,S2,VECM(q),mu,Johansen_slope,stdev,model,w1,w2
ETHUSDT,MKRUSDT,0.0,1.0601605185145038,0.0001053548678189853,0.0016888182229036837,4.0,-0.43564616168279036,0.5643538383172096
MKRUSDT,PAXGUSDT,0.0,0.0,0.0,0.001797613015010921,1.0,-0.4918961269717375,0.5081038730282625
MKRUSDT,YFIIUSDT,0.0,-1.185161636173066,-0.00017898665504568334,0.002808404968267998,4.0,-0.5799211232691791,0.42007887673082095
PAXGUSDT,YFIIUSDT,0.0,-1.6028545344875869,-0.00013557971050500632,0.0018544415732513265,4.0,-0.6165588688704041,0.3834411311295959
