S1,S2,VECM(q),mu,Johansen_slope,stdev,model,w1,w2
MKRUSDT,YFIIUSDT,0.0,0.0,0.0,0.001968415841422363,1.0,-0.5059620288586747,0.49403797114132536
