S1,S2,VECM(q),mu,Johansen_slope,stdev,model,w1,w2
ETHUSDT,MKRUSDT,0.0,-3.7984125124201977,0.0,0.0012197490658363318,3.0,-0.7495593611810109,0.25044063881898915
ETHUSDT,YFIIUSDT,0.0,-7.950231276423626,0.0,0.003609888910512588,2.0,-0.21545732244957427,-0.7845426775504257
MKRUSDT,PAXGUSDT,0.0,6.848807138451565,-4.6448491072896045e-05,0.0006290752683572763,5.0,-0.04151424058446345,0.9584857594155366
MKRUSDT,YFIIUSDT,0.0,8.024841338065134,0.0,0.004414720346398344,3.0,0.03189401107861273,0.9681059889213873
PAXGUSDT,YFIIUSDT,1.0,0.0,0.0,0.002371769106545492,1.0,-0.5180565426375507,0.4819434573624493
