S1,S2,VECM(q),mu,Johansen_slope,stdev,model,w1,w2
ETHUSDT,MKRUSDT,0.0,1.8674916491117146,0.0,0.0014587024916330505,2.0,-0.38765588448489585,0.6123441155151041
ETHUSDT,PAXGUSDT,0.0,-7.269133430091263,0.0,0.0007617023691850651,2.0,0.013586198906682005,-0.986413801093318
MKRUSDT,PAXGUSDT,0.0,-7.468800561142402,0.0,0.000832092383394645,2.0,0.0006785190506762667,-0.9993214809493237
