S1,S2,VECM(q),mu,Johansen_slope,stdev,model,w1,w2
ETHUSDT,PAXGUSDT,0.0,-5.3961564279201735,0.0,0.0005380648634948458,2.0,0.13332759788250706,-0.866672402117493
MKRUSDT,PAXGUSDT,0.0,6.67875922887965,0.0,0.0005084380641066046,3.0,-0.05181460807301923,0.9481853919269808
PAXGUSDT,YFIIUSDT,0.0,-7.497891945646841,-1.6486004652800834e-05,0.000876807771066344,5.0,-0.9794428770612366,-0.020557122938763397
