S1,S2,VECM(q),mu,Johansen_slope,stdev,model,w1,w2
ETHUSDT,PAXGUSDT,1.0,4.851941905391871,-3.1320775306139376e-05,0.000362510636351719,4.0,-0.1693215779639469,0.8306784220360531
ETHUSDT,YFIIUSDT,0.0,2.9183017089953145,0.0,0.0010361639411457103,2.0,0.6852879726214898,-0.3147120273785103
PAXGUSDT,YFIIUSDT,1.0,5.7622118975665995,-4.0301339150190725e-05,0.0005971550746687144,4.0,0.8908412110958361,-0.10915878890416393
