S1,S2,VECM(q),mu,Johansen_slope,stdev,model,w1,w2
ETHUSDT,MKRUSDT,0.0,0.0,0.0,0.0019182996237115506,1.0,-0.4851186998315908,0.5148813001684093
ETHUSDT,PAXGUSDT,0.0,-7.516368825575544,0.0,0.000509338294729874,2.0,-0.024909678262443655,-0.9750903217375564
ETHUSDT,YFIIUSDT,1.0,-8.231980875632317,0.0,0.004847939917635767,2.0,-0.629625781982631,-0.37037421801736903
KP3RUSDT,PAXGUSDT,0.0,-7.493470066013331,0.0,0.0006046818456127296,2.0,-0.003869472172364918,-0.9961305278276351
MKRUSDT,PAXGUSDT,0.0,-7.501809698194465,0.0,0.0005078565021384415,2.0,-0.015624034239073673,-0.9843759657609263
MKRUSDT,YFIIUSDT,1.0,-7.944972155854819,0.0,0.004612020696826651,2.0,-0.5964251698020435,-0.40357483019795654
PAXGUSDT,YFIIUSDT,1.0,0.0,0.0,0.007948018251184925,1.0,-0.5216474116179487,0.47835258838205136
