S1,S2,VECM(q),mu,Johansen_slope,stdev,model,w1,w2
ETHUSDT,MKRUSDT,0.0,-0.3866511323079592,-3.9742005733646536e-05,0.0011380922802950142,4.0,-0.5312183652377443,0.46878163476225565
MKRUSDT,PAXGUSDT,0.0,5.612500938158469,0.0,0.0008774890544859088,3.0,-0.12299727557582206,0.877002724424178
PAXGUSDT,YFIIUSDT,0.0,-5.793973669689541,3.0700266723346474e-05,0.00080507841221398,5.0,-0.8843871379429218,0.11561286205707828
