S1,S2,VECM(q),mu,Johansen_slope,stdev,model,w1,w2
ETHUSDT,PAXGUSDT,0.0,-6.857797163896689,0.0,0.000835002777975014,2.0,0.041313059609197615,-0.9586869403908024
MKRUSDT,PAXGUSDT,0.0,-6.89050450132749,0.0,0.0008349757615037984,2.0,0.039447522236491686,-0.9605524777635084
PAXGUSDT,YFIIUSDT,0.0,-7.169631700768822,0.0,0.0008440491243578152,2.0,-0.9789469750746598,0.021053024925340138
