S1,S2,VECM(q),mu,Johansen_slope,stdev,model,w1,w2
ETHUSDT,MKRUSDT,0.0,-0.6578517597152794,-5.929744897802369e-05,0.001227766176978953,4.0,-0.5507921260971147,0.44920787390288525
ETHUSDT,YFIIUSDT,0.0,4.694479144835962,-0.0010015846344942744,0.004138632131251918,4.0,-0.20746941247521483,0.7925305875247852
MKRUSDT,YFIIUSDT,0.0,5.783851821544403,-0.0010580096722961302,0.00445521228441138,5.0,-0.13444734943216552,0.8655526505678346
PAXGUSDT,YFIIUSDT,0.0,7.873543693723283,-0.0012900218049559438,0.006578624685613254,4.0,0.02758265105769721,0.9724173489423027
