S1,S2,VECM(q),mu,Johansen_slope,stdev,model,w1,w2
ETHUSDT,YFIIUSDT,0.0,3.574776786715904,0.0,0.0013158560545465255,2.0,0.7265293365162911,-0.2734706634837088
MKRUSDT,YFIIUSDT,0.0,0.0,0.0,0.002237385843252891,1.0,-0.5029800145669425,0.49701998543305753
