S1,S2,VECM(q),mu,Johansen_slope,stdev,model,w1,w2
ETHUSDT,PAXGUSDT,0.0,-7.100144380426045,0.0,0.0007727590758832651,2.0,0.025558525017237804,-0.9744414749827622
ETHUSDT,YFIIUSDT,1.0,0.027364115561548878,-8.596696091188128e-05,0.0017064243640178038,5.0,-0.4981088796503366,0.5018911203496634
MKRUSDT,PAXGUSDT,0.0,-7.031893109134018,0.0,0.0008214496018106826,2.0,0.029921646575454593,-0.9700783534245453
PAXGUSDT,YFIIUSDT,1.0,-7.167789753775688,0.0,0.000720973680061859,2.0,-0.978940821861028,0.021059178138972012
