S1,S2,VECM(q),mu,Johansen_slope,stdev,model,w1,w2
ETHUSDT,PAXGUSDT,0.0,6.777676025108093,0.0,0.0010308245180429422,2.0,-0.04986740733349677,0.9501325926665032
MKRUSDT,PAXGUSDT,1.0,6.633484096431204,0.0,0.000808428622607685,3.0,-0.05797015955822923,0.9420298404417707
PAXGUSDT,YFIIUSDT,1.0,-7.025184660647084,0.0,0.001055766700862714,3.0,-0.9652552292686539,0.034744770731346165
