S1,S2,VECM(q),mu,Johansen_slope,stdev,model,w1,w2
ETHUSDT,MKRUSDT,0.0,-7.52486894351723,-0.00020061344438243334,0.0022085437025059834,4.0,-0.692909323899864,-0.3070906761001361
ETHUSDT,PAXGUSDT,0.0,-6.335578614250529,-0.00021936665091721433,0.0027567676263493004,5.0,-0.923815591365419,0.07618440863458104
ETHUSDT,YFIIUSDT,3.0,0.0,0.0,0.001219088449406155,1.0,-0.5082277913499074,0.4917722086500927
MKRUSDT,PAXGUSDT,0.0,0.0,0.0,0.0017560054573988021,1.0,-0.4939892739286005,0.5060107260713995
PAXGUSDT,YFIIUSDT,3.0,-3.4386791073373395,0.0,0.001016150906008134,3.0,-0.735168183200423,0.264831816799577
