S1,S2,VECM(q),mu,Johansen_slope,stdev,model,w1,w2
ETHUSDT,PAXGUSDT,0.0,-7.53998830674867,0.0,0.0003531765842739762,2.0,-0.005506922413936443,-0.9944930775860636
KP3RUSDT,MKRUSDT,0.0,7.833707670578021,-0.0005774351642411055,0.006698839189734658,4.0,0.4041630189506643,0.5958369810493358
KP3RUSDT,YFIIUSDT,0.0,8.013672449535404,-0.0003045519981554751,0.005749029557033916,4.0,0.38028112748695503,0.619718872513045
MKRUSDT,PAXGUSDT,3.0,-7.53760671975086,0.0,0.0003025291326551336,2.0,-0.0051864046694518025,-0.9948135953305483
PAXGUSDT,YFIIUSDT,0.0,-7.539435467649908,0.0,0.00035996169640186196,2.0,-0.994426522526334,-0.005573477473666007
