S1,S2,VECM(q),mu,Johansen_slope,stdev,model,w1,w2
ETHUSDT,PAXGUSDT,0.0,-7.59012836213412,0.0,0.0006390407028019589,2.0,-0.144488448034932,-0.855511551965068
ETHUSDT,YFIIUSDT,0.0,-5.210115257449375,5.608977954285267e-05,0.0012604319505687927,4.0,-0.8248532273580378,0.17514677264196227
PAXGUSDT,YFIIUSDT,0.0,-7.20169228095361,0.0,0.0006395597782043913,2.0,-0.9807846618757453,0.01921533812425479
