S1,S2,VECM(q),mu,Johansen_slope,stdev,model,w1,w2
ETHUSDT,MKRUSDT,0.0,0.0,0.0,0.0013475227619002702,1.0,-0.503438644918978,0.49656135508102195
PAXGUSDT,YFIIUSDT,0.0,-4.662605170425393,-8.396439298988338e-05,0.0011680182149841445,4.0,-0.8216541740464701,0.17834582595352988
