S1,S2,VECM(q),mu,Johansen_slope,stdev,model,w1,w2
ETHUSDT,PAXGUSDT,4.0,7.5596543886742325,0.0,0.0006686156501530601,3.0,0.10150393482796324,0.8984960651720367
ETHUSDT,YFIIUSDT,0.0,-8.135895213177383,0.0,0.002316672890115043,2.0,-0.6314722433787527,-0.36852775662124726
KP3RUSDT,PAXGUSDT,0.0,-7.436924699826499,0.0,0.000740888548836435,2.0,-0.04036582966663751,-0.9596341703333625
MKRUSDT,PAXGUSDT,0.0,-7.495198857815814,0.0,0.0007884095650346139,2.0,-0.054259170313644536,-0.9457408296863554
PAXGUSDT,YFIIUSDT,0.0,-6.640999972930835,0.0,0.0007022681941896799,2.0,-0.9454885911906048,0.05451140880939515
