S1,S2,VECM(q),mu,Johansen_slope,stdev,model,w1,w2
ETHUSDT,MKRUSDT,0.0,-5.824086744975428,5.3600813311655885e-05,0.0016275997578566895,4.0,-0.8616575775467928,0.13834242245320716
ETHUSDT,PAXGUSDT,0.0,-7.652989364839249,0.0,0.0009601428749315298,2.0,-0.27967149668237595,-0.7203285033176241
ETHUSDT,YFIIUSDT,0.0,-8.122971280280456,0.0,0.002440980077071694,3.0,-0.8247617296184354,-0.17523827038156461
