S1,S2,VECM(q),mu,Johansen_slope,stdev,model,w1,w2
ETHUSDT,MKRUSDT,0.0,0.0,0.0,0.0011804947141401245,1.0,-0.49386888608748764,0.5061311139125123
ETHUSDT,PAXGUSDT,0.0,-7.483609281637137,0.0,0.0006900551036295247,2.0,-0.011545815605008433,-0.9884541843949917
ETHUSDT,YFIIUSDT,0.0,-1.5003601528840884,-0.00011983414853652041,0.0009861273983636384,4.0,-0.5982685356677486,0.4017314643322514
MKRUSDT,PAXGUSDT,0.0,-7.480051567160531,0.0,0.0007180769207456852,2.0,-0.008933101454890569,-0.9910668985451093
PAXGUSDT,YFIIUSDT,0.0,-7.482424377065568,0.0,0.0007437724007999876,2.0,-0.9927062537576927,-0.007293746242307268
