S1,S2,VECM(q),mu,Johansen_slope,stdev,model,w1,w2
ETHUSDT,PAXGUSDT,1.0,0.0,0.0,0.001057819078104573,1.0,-0.47120016434125345,0.5287998356587467
