S1,S2,VECM(q),mu,Johansen_slope,stdev,model,w1,w2
ETHUSDT,PAXGUSDT,0.0,2.0018114542343906,-4.8696512308958266e-05,0.0006906086725272739,4.0,-0.3460589460935019,0.6539410539064981
ETHUSDT,YFIIUSDT,0.0,0.0,0.0,0.0012485251967866689,1.0,-0.4940648928267765,0.5059351071732235
PAXGUSDT,YFIIUSDT,0.0,2.6352618056849786,-5.287851818793289e-05,0.0011197321086321526,4.0,0.6897427260771881,-0.3102572739228118
