S1,S2,VECM(q),mu,Johansen_slope,stdev,model,w1,w2
ETHUSDT,PAXGUSDT,0.0,-7.643744474877875,0.0,0.0012939895594623813,2.0,-0.2277437502667074,-0.7722562497332927
MKRUSDT,PAXGUSDT,0.0,-7.592700710988769,0.0,0.0010680736301139262,2.0,-0.09090352377193195,-0.909096476228068
PAXGUSDT,YFIIUSDT,0.0,-7.504073817337387,-4.199314299502006e-05,0.0009251441427384835,4.0,-0.9725745742225491,-0.02742542577745098
