S1,S2,VECM(q),mu,Johansen_slope,stdev,model,w1,w2
MKRUSDT,YFIIUSDT,0.0,0.0,0.0,0.005047115292243726,1.0,-0.478178324642604,0.521821675357396
