S1,S2,VECM(q),mu,Johansen_slope,stdev,model,w1,w2
MKRUSDT,PAXGUSDT,0.0,0.0,0.0,0.0016254116814618125,1.0,-0.4835992168126873,0.5164007831873128
