S1,S2,VECM(q),mu,Johansen_slope,stdev,model,w1,w2
ETHUSDT,PAXGUSDT,1.0,-7.773008903942625,0.0,0.0014599744373209227,2.0,-0.3823186288782024,-0.6176813711217977
ETHUSDT,YFIIUSDT,1.0,-6.076763961794557,0.0,0.004052048945425164,2.0,-0.8695356842499181,0.13046431575008194
