S1,S2,VECM(q),mu,Johansen_slope,stdev,model,w1,w2
ETHUSDT,YFIIUSDT,0.0,0.0,0.0,0.0022709108750090484,1.0,-0.5069778837619185,0.4930221162380815
MKRUSDT,YFIIUSDT,0.0,0.0,0.0,0.0019596352155188076,1.0,-0.5027409010570002,0.4972590989429998
