S1,S2,VECM(q),mu,Johansen_slope,stdev,model,w1,w2
ETHUSDT,MKRUSDT,0.0,-0.856685166894062,0.00017901130406993172,0.0021573707300532475,4.0,-0.561204057237639,0.43879594276236106
ETHUSDT,PAXGUSDT,0.0,-6.878901968445735,0.0,0.0009973093593898942,2.0,0.0436255762832504,-0.9563744237167496
ETHUSDT,YFIIUSDT,0.0,1.7681897875310075,0.0,0.002355818047363839,3.0,-0.37246735935974173,0.6275326406402584
MKRUSDT,PAXGUSDT,1.0,6.800502784147099,-1.7616849141520067e-05,0.001131551397286264,5.0,-0.04799182703762413,0.9520081729623758
PAXGUSDT,YFIIUSDT,0.0,-6.638465602816473,0.0,0.0008999853823172369,2.0,-0.9393016565424053,0.06069834345759478
