S1,S2,VECM(q),mu,Johansen_slope,stdev,model,w1,w2
ETHUSDT,MKRUSDT,1.0,-4.084372445465423,0.0,0.0013728646597438233,3.0,-0.7546655031057473,0.24533449689425268
ETHUSDT,PAXGUSDT,0.0,-7.589614710816271,-3.243897682065954e-05,0.0005905401250631555,4.0,-0.17327412032680567,-0.8267258796731944
