S1,S2,VECM(q),mu,Johansen_slope,stdev,model,w1,w2
ETHUSDT,MKRUSDT,0.0,-8.06565202147035,-0.00019362293757458897,0.003227686565047689,5.0,-0.5936728103350646,-0.40632718966493536
ETHUSDT,PAXGUSDT,2.0,7.595348438311806,0.0,0.0010466294658185557,3.0,0.2246682175052185,0.7753317824947815
ETHUSDT,YFIIUSDT,0.0,8.218226712145857,0.0002357657998453696,0.0034380794376515076,4.0,0.27807171419174503,0.721928285808255
