S1,S2,VECM(q),mu,Johansen_slope,stdev,model,w1,w2
ETHUSDT,MKRUSDT,0.0,0.49169816017205936,0.0,0.0011542099676354932,2.0,0.5391971324799114,-0.46080286752008853
ETHUSDT,PAXGUSDT,0.0,6.3961855948302855,-2.913690446432888e-05,0.0006375829521406354,5.0,-0.0737443608271096,0.9262556391728904
MKRUSDT,PAXGUSDT,0.0,-7.0633231310512725,0.0,0.0008044523111239715,2.0,0.02877435488131925,-0.9712256451186807
MKRUSDT,YFIIUSDT,0.0,0.0,0.0,0.0037200642319656935,1.0,-0.5016034036225224,0.4983965963774775
PAXGUSDT,YFIIUSDT,0.0,-7.118391642227126,0.0,0.0008427214088714215,3.0,-0.9748965417477506,0.025103458252249407
