S1,S2,VECM(q),mu,Johansen_slope,stdev,model,w1,w2
ETHUSDT,MKRUSDT,0.0,0.0,0.0,0.0023803368277765208,1.0,-0.5051888941076856,0.49481110589231436
ETHUSDT,PAXGUSDT,0.0,0.0,0.0,0.0015373284590137388,1.0,-0.4994385008954328,0.5005614991045672
ETHUSDT,YFIIUSDT,0.0,4.6993119286064235,0.0,0.002195780341761975,2.0,0.8169309161122581,-0.1830690838877419
