S1,S2,VECM(q),mu,Johansen_slope,stdev,model,w1,w2
ETHUSDT,PAXGUSDT,0.0,7.1518143124949125,0.0,0.0020159145134080554,2.0,-0.020307001575807403,0.9796929984241927
