S1,S2,VECM(q),mu,Johansen_slope,stdev,model,w1,w2
ETHUSDT,PAXGUSDT,0.0,-6.552067202822115,0.0,0.0004608618570093364,2.0,0.060824076075022965,-0.9391759239249771
ETHUSDT,YFIIUSDT,0.0,0.0,0.0,0.0014723927031293352,1.0,-0.4906017935724569,0.5093982064275432
MKRUSDT,PAXGUSDT,0.0,-6.733185600936664,0.0,0.00048727673572290526,2.0,0.05079002334593456,-0.9492099766540655
PAXGUSDT,YFIIUSDT,0.0,-6.736469626018003,0.0,0.00048209296774433605,2.0,-0.949928362286473,0.050071637713527
