S1,S2,VECM(q),mu,Johansen_slope,stdev,model,w1,w2
ETHUSDT,MKRUSDT,0.0,0.33735234790095403,-0.000165826851406902,0.0013928633739511674,4.0,0.5286283535979193,-0.47137164640208074
ETHUSDT,YFIIUSDT,0.0,0.0,0.0,0.002970102248427269,1.0,-0.5007613151687766,0.49923868483122336
MKRUSDT,PAXGUSDT,0.0,-6.229710039749297,0.0,0.0009493911233512363,2.0,0.08192981009623711,-0.918070189903763
