S1,S2,VECM(q),mu,Johansen_slope,stdev,model,w1,w2
ETHUSDT,YFIIUSDT,0.0,0.0,0.0,0.002001386062139349,1.0,-0.4968430188153189,0.5031569811846811
MKRUSDT,YFIIUSDT,0.0,-4.024962482513833,0.0,0.002559157247808625,2.0,0.2313200809881486,-0.7686799190118514
PAXGUSDT,YFIIUSDT,0.0,5.9025763164366865,-3.478137544907629e-05,0.0007312835493370792,4.0,0.894730020222827,-0.10526997977717296
