S1,S2,VECM(q),mu,Johansen_slope,stdev,model,w1,w2
ETHUSDT,PAXGUSDT,0.0,7.402768232771975,0.0,0.001295010169118382,3.0,-0.009548931237587054,0.990451068762413
