S1,S2,VECM(q),mu,Johansen_slope,stdev,model,w1,w2
ETHUSDT,PAXGUSDT,1.0,7.363420281579654,3.3492736418959616e-05,0.0009550268240197716,5.0,-0.00695939955919562,0.9930406004408043
PAXGUSDT,YFIIUSDT,1.0,-7.362219887197776,-3.166052018218153e-05,0.0010186555296246098,5.0,-0.993090741940084,0.006909258059916081
