S1,S2,VECM(q),mu,Johansen_slope,stdev,model,w1,w2
MKRUSDT,YFIIUSDT,0.0,8.190678860760709,-0.00013785231952078922,0.002129318215987762,5.0,0.12306377825676093,0.876936221743239
PAXGUSDT,YFIIUSDT,0.0,7.187883020345562,0.0,0.0005530086274307205,2.0,0.9809556767272897,-0.019044323272710374
