S1,S2,VECM(q),mu,Johansen_slope,stdev,model,w1,w2
ETHUSDT,MKRUSDT,0.0,0.0,0.0,0.0024476287514749316,1.0,-0.506736951979015,0.49326304802098503
ETHUSDT,PAXGUSDT,0.0,7.595484875967358,0.0,0.002375962139375438,3.0,0.07929163977770641,0.9207083602222936
PAXGUSDT,YFIIUSDT,0.0,-7.559744411777419,0.0,0.0033327565068729096,2.0,-0.957350242344871,-0.042649757655129066
