S1,S2,VECM(q),mu,Johansen_slope,stdev,model,w1,w2
ETHUSDT,YFIIUSDT,0.0,-8.34231418175887,-0.00025923564884074835,0.004312461838250246,5.0,-0.34003413892165074,-0.6599658610783493
