S1,S2,VECM(q),mu,Johansen_slope,stdev,model,w1,w2
MKRUSDT,PAXGUSDT,0.0,-7.474397168990135,0.0,0.0012402602481656093,2.0,-0.014043988087356978,-0.985956011912643
