S1,S2,VECM(q),mu,Johansen_slope,stdev,model,w1,w2
ETHUSDT,MKRUSDT,0.0,-0.7690908847711878,0.0,0.001653947176512104,3.0,-0.5560589814956803,0.4439410185043196
ETHUSDT,PAXGUSDT,0.0,-7.549909064778209,0.0,0.0008451296614629449,2.0,-0.009731946561131084,-0.9902680534388689
MKRUSDT,PAXGUSDT,0.0,-7.551687347776466,0.0,0.0008224280833039934,2.0,-0.008612451864443616,-0.9913875481355564
PAXGUSDT,YFIIUSDT,0.0,-7.547243133127833,0.0,0.000901114407585777,2.0,-0.9992266246593273,-0.0007733753406727508
