S1,S2,VECM(q),mu,Johansen_slope,stdev,model,w1,w2
ETHUSDT,PAXGUSDT,0.0,-7.069465414480101,0.0,0.00054319180839623,2.0,0.026067424647957305,-0.9739325753520427
MKRUSDT,PAXGUSDT,0.0,-7.215564511509004,0.0,0.0005489043304787871,2.0,0.01687506245084403,-0.983124937549156
PAXGUSDT,YFIIUSDT,0.0,-7.298039796271286,0.0,0.0005719387047024106,2.0,-0.9889542488445554,0.01104575115544454
