S1,S2,VECM(q),mu,Johansen_slope,stdev,model,w1,w2
ETHUSDT,KP3RUSDT,0.0,-5.643829558205227,0.0,0.0016068525937315173,2.0,-0.8236563902485055,0.17634360975149457
ETHUSDT,MKRUSDT,0.0,-4.823673147111561,0.0,0.001198331032722805,2.0,-0.7840821935101163,0.21591780648988365
ETHUSDT,PAXGUSDT,0.0,3.6447323680533374,0.0,0.0006348845514868528,2.0,-0.24383045998984293,0.7561695400101571
KP3RUSDT,MKRUSDT,0.0,0.0,0.0,0.003235177087387611,1.0,-0.53459015031467,0.46540984968533
MKRUSDT,PAXGUSDT,0.0,7.233176251226679,-2.5835116823163115e-05,0.0008252293820089406,4.0,-0.017607737395398143,0.9823922626046019
MKRUSDT,YFIIUSDT,0.0,0.0,0.0,0.00258209672911764,1.0,-0.5043646007614855,0.4956353992385145
