S1,S2,VECM(q),mu,Johansen_slope,stdev,model,w1,w2
ETHUSDT,YFIIUSDT,0.0,-1.9145611774305669,-3.843005703789482e-05,0.0009707884668477935,5.0,-0.6257458169411048,0.3742541830588953
MKRUSDT,YFIIUSDT,0.0,-2.012334717839143,0.0,0.0014054490476087186,2.0,-0.6225279570699336,0.3774720429300665
