S1,S2,VECM(q),mu,Johansen_slope,stdev,model,w1,w2
ETHUSDT,PAXGUSDT,0.0,7.962715406496817,0.0,0.005411922739269323,2.0,0.9819406522513461,-0.01805934774865381
ETHUSDT,YFIIUSDT,0.0,-7.891090476777679,0.0,0.005121526039999805,2.0,-0.9779252617555233,0.02207473824447672
MKRUSDT,YFIIUSDT,0.0,-2.668703388852785,0.0,0.002182662498599155,2.0,-0.6456608397087547,0.3543391602912454
PAXGUSDT,YFIIUSDT,0.0,-3.1758585238542936,-0.00023344348158387432,0.0035124291836111524,4.0,0.3049800699506361,-0.6950199300493639
