S1,S2,VECM(q),mu,Johansen_slope,stdev,model,w1,w2
ETHUSDT,PAXGUSDT,0.0,5.996973251685867,0.0,0.0016484984824571283,3.0,-0.09907436798004315,0.9009256320199568
ETHUSDT,YFIIUSDT,0.0,-1.25639759842591,8.777974870024328e-05,0.0015064178776637515,4.0,-0.5759134313226046,0.4240865686773954
MKRUSDT,PAXGUSDT,0.0,6.36206894878014,0.0,0.00195618270745965,3.0,-0.07423019404232016,0.9257698059576799
MKRUSDT,YFIIUSDT,0.0,0.0,0.0,0.0021957067783723596,1.0,-0.4879837030997659,0.5120162969002342
PAXGUSDT,YFIIUSDT,0.0,-7.033190356119646,6.0350958090989855e-05,0.0011456989383748682,4.0,-0.969015491896732,0.03098450810326806
