S1,S2,VECM(q),mu,Johansen_slope,stdev,model,w1,w2
ETHUSDT,PAXGUSDT,0.0,-6.593029711973041,0.0,0.0009293047095655292,2.0,0.05800322142080456,-0.9419967785791954
ETHUSDT,YFIIUSDT,0.0,0.23817928542235414,-0.00020117194911491575,0.0013081485510457688,5.0,-0.4830284309221885,0.5169715690778115
MKRUSDT,PAXGUSDT,0.0,-6.898807094081623,0.0,0.0009618343221895234,2.0,0.037110208159657564,-0.9628897918403424
