S1,S2,VECM(q),mu,Johansen_slope,stdev,model,w1,w2
ETHUSDT,PAXGUSDT,0.0,7.578054967062149,6.061370025473774e-05,0.0011302869856978709,5.0,0.18413371466118753,0.8158662853388126
MKRUSDT,PAXGUSDT,0.0,7.537521027185033,4.0876180747158424e-05,0.0011904506050022716,5.0,0.1711069152527718,0.8288930847472282
