S1,S2,VECM(q),mu,Johansen_slope,stdev,model,w1,w2
ETHUSDT,MKRUSDT,0.0,-2.2727961733150117,0.0,0.001139172615365111,3.0,-0.6440731303634347,0.3559268696365653
ETHUSDT,PAXGUSDT,0.0,-6.094439480531657,0.0,0.0006082095805509489,2.0,0.09003739587860478,-0.9099626041213953
MKRUSDT,PAXGUSDT,0.0,-6.78025798646006,0.0,0.0008021009508431078,2.0,0.04554756199280464,-0.9544524380071954
PAXGUSDT,YFIIUSDT,0.0,-6.621120083616278,0.0,0.0006265564192380893,3.0,-0.9447942343556386,0.05520576564436145
