S1,S2,VECM(q),mu,Johansen_slope,stdev,model,w1,w2
ETHUSDT,KP3RUSDT,0.0,6.44397442839376,0.0,0.003069360375355153,3.0,-0.021464781102328648,0.9785352188976714
ETHUSDT,PAXGUSDT,0.0,4.080529179071101,0.0,0.000440534781971864,3.0,-0.2164656597573137,0.7835343402426863
KP3RUSDT,PAXGUSDT,0.0,0.0,0.0,0.0014650220488308992,1.0,-0.5257783903351352,0.4742216096648649
KP3RUSDT,YFIIUSDT,0.0,-5.12346349163379,0.0,0.0026111264301897806,3.0,-0.8885782380058782,0.11142176199412178
PAXGUSDT,YFIIUSDT,0.0,7.544894333359836,0.0,0.0006076407752945626,3.0,0.9149319514485356,0.0850680485514645
