S1,S2,VECM(q),mu,Johansen_slope,stdev,model,w1,w2
MKRUSDT,YFIIUSDT,0.0,0.0,0.0,0.0020433617300559394,1.0,-0.503423845438996,0.49657615456100407
