S1,S2,VECM(q),mu,Johansen_slope,stdev,model,w1,w2
ETHUSDT,KP3RUSDT,0.0,5.103785310582528,-0.00019071342903485594,0.002363034574643082,4.0,0.7823527280533845,-0.21764727194661548
ETHUSDT,PAXGUSDT,0.0,-7.08785905337856,0.0,0.000757314305132912,2.0,0.025201307146175446,-0.9747986928538246
ETHUSDT,YFIIUSDT,0.0,2.9725583494157037,-0.00010854357055753479,0.0010780672843672054,4.0,0.6679701013285485,-0.3320298986714515
KP3RUSDT,MKRUSDT,0.0,-3.2303949485584225,0.00012185715464620385,0.002848271772357649,4.0,0.31890023454393684,-0.6810997654560631
KP3RUSDT,PAXGUSDT,0.0,-6.975725385915548,0.0,0.0008481703903212627,2.0,0.03599191835669962,-0.9640080816433004
KP3RUSDT,YFIIUSDT,0.0,3.8849291228381992,0.0,0.004233408114578393,2.0,-0.27584046834029463,0.7241595316597055
MKRUSDT,PAXGUSDT,0.0,-5.99435479817683,-1.1650865867722247e-05,0.0008260997030251577,4.0,0.09708634831965361,-0.9029136516803464
PAXGUSDT,YFIIUSDT,0.0,0.0,0.0,0.0028431651525281866,1.0,-0.5143983864429887,0.48560161355701126
