S1,S2,VECM(q),mu,Johansen_slope,stdev,model,w1,w2
ETHUSDT,PAXGUSDT,0.0,-7.537352184333233,0.0,0.001532485826497141,2.0,-0.12330565398463063,-0.8766943460153694
MKRUSDT,PAXGUSDT,0.0,-7.53469038461698,0.0,0.0016286587811475241,2.0,-0.03733673235262401,-0.962663267647376
PAXGUSDT,YFIIUSDT,0.0,-7.5155055901008785,5.7577837164467565e-05,0.0013212160191275971,4.0,-0.9659570795151532,-0.034042920484846854
