S1,S2,VECM(q),mu,Johansen_slope,stdev,model,w1,w2
ETHUSDT,YFIIUSDT,0.0,-1.9310500479766763,0.0,0.0011433111255045798,2.0,-0.6186604552516236,0.38133954474837645
