S1,S2,VECM(q),mu,Johansen_slope,stdev,model,w1,w2
ETHUSDT,MKRUSDT,0.0,-1.3892793233252998,-5.1336762489830726e-05,0.0007757975856546341,4.0,-0.5777699321027334,0.42223006789726664
ETHUSDT,YFIIUSDT,0.0,-5.4435459938726805,0.0,0.002346215592748136,2.0,-0.8379095989641185,0.16209040103588157
MKRUSDT,YFIIUSDT,0.0,-1.7946890582008195,0.0,0.001982813308122596,3.0,-0.628512667752774,0.3714873322472259
