S1,S2,VECM(q),mu,Johansen_slope,stdev,model,w1,w2
KP3RUSDT,MKRUSDT,0.0,-1.4696011034261764,0.0002480234326205763,0.003136825768987996,5.0,-0.6247142813950662,0.3752857186049338
KP3RUSDT,PAXGUSDT,0.0,-7.04617396398641,0.0,0.0007288986806176756,2.0,0.03237845765301106,-0.9676215423469889
