S1,S2,VECM(q),mu,Johansen_slope,stdev,model,w1,w2
ETHUSDT,KP3RUSDT,0.0,0.0,0.0,0.004252739947129092,1.0,-0.4527672815382122,0.5472327184617879
ETHUSDT,MKRUSDT,0.0,-5.151294337285989,0.0,0.002236590601230894,2.0,-0.7993239262794767,0.2006760737205234
ETHUSDT,PAXGUSDT,0.0,0.0,0.0,0.0015444841111369,1.0,-0.46942885589273364,0.5305711441072665
ETHUSDT,YFIIUSDT,0.0,0.0,0.0,0.0011485365362537006,1.0,-0.49099125773795776,0.5090087422620422
KP3RUSDT,YFIIUSDT,0.0,-4.899110186967944,0.0,0.0022347668740308737,2.0,0.2151780803800855,-0.7848219196199144
MKRUSDT,YFIIUSDT,0.0,0.0,0.0,0.001228466416448199,1.0,-0.5040021144716641,0.49599788552833596
PAXGUSDT,YFIIUSDT,0.0,0.0,0.0,0.0012628687640930043,1.0,-0.5215918747256255,0.47840812527437454
