S1,S2,VECM(q),mu,Johansen_slope,stdev,model,w1,w2
ETHUSDT,MKRUSDT,0.0,0.0,0.0,0.0035696444922501025,1.0,-0.4877421444119079,0.5122578555880922
ETHUSDT,PAXGUSDT,0.0,0.0,0.0,0.0012566650947360364,1.0,-0.47014076498921226,0.5298592350107877
ETHUSDT,YFIIUSDT,0.0,-8.381540453126402,0.0,0.0030927145117682453,2.0,-0.5588219190919951,-0.441178080908005
MKRUSDT,PAXGUSDT,0.0,0.0,0.0,0.005286925994490989,1.0,-0.4823332724429359,0.5176667275570641
MKRUSDT,YFIIUSDT,0.0,0.0,0.0,0.004253569177164421,1.0,-0.5069059619045023,0.4930940380954976
