S1,S2,VECM(q),mu,Johansen_slope,stdev,model,w1,w2
MKRUSDT,YFIIUSDT,0.0,0.0,0.0,0.002159038394502567,1.0,-0.5129980168561894,0.48700198314381066
