S1,S2,VECM(q),mu,Johansen_slope,stdev,model,w1,w2
ETHUSDT,MKRUSDT,0.0,-2.4229251301514396,0.0,0.0008709587744282433,2.0,-0.6372049192958721,0.3627950807041279
ETHUSDT,YFIIUSDT,0.0,2.7206801783682506,-0.00011320718094836553,0.0007087969962290025,4.0,0.6566605221032068,-0.34333947789679325
KP3RUSDT,YFIIUSDT,0.0,-3.7803197626084915,0.0,0.0033991856548340844,2.0,0.28457542862672053,-0.7154245713732795
MKRUSDT,YFIIUSDT,0.0,-0.1904591495249519,-0.00013534306039922103,0.0013972605476414753,4.0,0.48955216098432136,-0.5104478390156786
