S1,S2,VECM(q),mu,Johansen_slope,stdev,model,w1,w2
ETHUSDT,PAXGUSDT,0.0,-7.481579045646117,-5.158144348080251e-05,0.0011310941720154121,4.0,-0.06384222632684962,-0.9361577736731503
MKRUSDT,PAXGUSDT,0.0,7.4813345458643,5.3139086103511705e-05,0.0011252070405674574,5.0,0.052773968236260335,0.9472260317637397
PAXGUSDT,YFIIUSDT,0.0,-7.493009577814783,-6.877481883487657e-05,0.0011995850085177269,4.0,-0.9533003961687905,-0.046699603831209476
