S1,S2,VECM(q),mu,Johansen_slope,stdev,model,w1,w2
ETHUSDT,MKRUSDT,0.0,-1.8471171324762636,0.0,0.0012380351489210267,3.0,-0.625848269536002,0.374151730463998
ETHUSDT,YFIIUSDT,0.0,0.0,0.0,0.0012674177630060592,1.0,-0.5001183122080507,0.49988168779194936
MKRUSDT,PAXGUSDT,0.0,7.5208996973444755,0.0,0.000539383845493985,3.0,0.049178970724494626,0.9508210292755054
