S1,S2,VECM(q),mu,Johansen_slope,stdev,model,w1,w2
PAXGUSDT,YFIIUSDT,0.0,-7.527067656473007,0.0,0.0007370285888964349,2.0,-0.9709236863811783,-0.02907631361882167
