S1,S2,VECM(q),mu,Johansen_slope,stdev,model,w1,w2
ETHUSDT,MKRUSDT,0.0,-0.3726432178929703,-3.9956380829716925e-05,0.000938409180300003,4.0,-0.5085757683659586,0.49142423163404136
ETHUSDT,PAXGUSDT,0.0,-7.324758720067071,0.0,0.0004797936397221166,2.0,0.01091890432300642,-0.9890810956769936
ETHUSDT,YFIIUSDT,0.0,3.153131316278771,-0.00012813459800820656,0.0018571738867698793,5.0,-0.30335774019138034,0.6966422598086197
KP3RUSDT,PAXGUSDT,0.0,-7.497071811925268,0.0,0.0005503675308161079,2.0,-1.4684093201803099e-05,-0.9999853159067983
MKRUSDT,PAXGUSDT,0.0,-7.236111428644013,0.0,0.0004811771115524679,2.0,0.017047552760956514,-0.9829524472390435
PAXGUSDT,YFIIUSDT,0.0,-7.024747168203664,0.0,0.000417150255890845,2.0,-0.9697614539570018,0.03023854604299821
