S1,S2,VECM(q),mu,Johansen_slope,stdev,model,w1,w2
ETHUSDT,MKRUSDT,0.0,-1.360078223566535,-3.9625546346154415e-05,0.0009074762016923365,5.0,-0.5932966105692744,0.40670338943072554
