S1,S2,VECM(q),mu,Johansen_slope,stdev,model,w1,w2
MKRUSDT,PAXGUSDT,0.0,-7.538940782988649,0.0,0.0007545173094940089,2.0,-0.09825970806244849,-0.9017402919375515
MKRUSDT,YFIIUSDT,0.0,-3.5930674058096277,0.0,0.002041394654717538,3.0,-0.7329480450227973,0.26705195497720274
