S1,S2,VECM(q),mu,Johansen_slope,stdev,model,w1,w2
ETHUSDT,PAXGUSDT,0.0,-6.736673524928776,0.0,0.0007394835919737475,2.0,0.04962560894685476,-0.9503743910531453
MKRUSDT,PAXGUSDT,0.0,-6.818252724948168,0.0,0.0007011476665524667,2.0,0.04377843782684937,-0.9562215621731507
PAXGUSDT,YFIIUSDT,0.0,-6.859239326966389,0.0,0.0008722901545139507,3.0,-0.9580672612021539,0.041932738797846106
