S1,S2,VECM(q),mu,Johansen_slope,stdev,model,w1,w2
ETHUSDT,PAXGUSDT,0.0,-7.296311646472653,0.0,0.0009418006029792906,2.0,0.012595369224410055,-0.9874046307755899
ETHUSDT,YFIIUSDT,0.0,-1.4523100018851314,0.0,0.0021241056459702532,3.0,-0.5960977160707659,0.4039022839292342
MKRUSDT,PAXGUSDT,0.0,-7.355299461861302,0.0,0.0010108415370841052,2.0,0.008893351245416107,-0.991106648754584
MKRUSDT,YFIIUSDT,0.0,0.0,0.0,0.0022038865495507204,1.0,-0.512232773594134,0.487767226405866
PAXGUSDT,YFIIUSDT,0.0,-7.341024281202395,0.0,0.0009417549683130181,2.0,-0.9904335765958034,0.00956642340419655
