S1,S2,VECM(q),mu,Johansen_slope,stdev,model,w1,w2
ETHUSDT,PAXGUSDT,0.0,6.32535163173983,2.3179367808912717e-05,0.0006394735001333065,5.0,-0.0777003775763345,0.9222996224236656
MKRUSDT,PAXGUSDT,0.0,5.6363734035864805,2.4112653171841408e-05,0.000621630013969721,4.0,-0.12130613589413936,0.8786938641058606
