S1,S2,VECM(q),mu,Johansen_slope,stdev,model,w1,w2
MKRUSDT,PAXGUSDT,0.0,-6.864514562382431,0.0,0.0005235770829693637,2.0,0.03989541483721808,-0.960104585162782
PAXGUSDT,YFIIUSDT,0.0,-7.4824741673663935,0.0,0.0005734266552715443,2.0,-0.9915239398650418,-0.008476060134958122
