S1,S2,VECM(q),mu,Johansen_slope,stdev,model,w1,w2
ETHUSDT,MKRUSDT,0.0,0.0,0.0,0.0023419839312739184,1.0,-0.50215728248272,0.49784271751728
ETHUSDT,PAXGUSDT,0.0,-5.36537358377762,0.0,0.0009582929445968384,2.0,0.1392387095157865,-0.8607612904842135
MKRUSDT,PAXGUSDT,0.0,-5.201117730117871,0.0,0.0009662171159628313,2.0,0.14944757312272686,-0.8505524268772732
