S1,S2,VECM(q),mu,Johansen_slope,stdev,model,w1,w2
ETHUSDT,PAXGUSDT,0.0,-7.515070501591969,-3.525059179874825e-05,0.0006018621774713936,4.0,-0.04261773562907577,-0.9573822643709242
ETHUSDT,YFIIUSDT,0.0,-1.4039559805745014,4.648701950755e-05,0.000896369072285621,5.0,-0.5852620854400439,0.41473791455995607
MKRUSDT,PAXGUSDT,0.0,7.612747924696418,0.0,0.0008037350398454652,3.0,0.3891310973369762,0.6108689026630238
MKRUSDT,YFIIUSDT,0.0,-3.0078143811056406,5.9411663683354514e-05,0.0009637152138000639,5.0,-0.7010053835580426,0.29899461644195735
PAXGUSDT,YFIIUSDT,0.0,-7.063701998218411,-3.4683117932067174e-05,0.0006190856897668048,5.0,-0.9734453144470933,0.02655468555290675
