S1,S2,VECM(q),mu,Johansen_slope,stdev,model,w1,w2
ETHUSDT,MKRUSDT,0.0,0.0,0.0,0.00089064157179857,1.0,-0.4838071095914148,0.5161928904085852
ETHUSDT,PAXGUSDT,0.0,0.0,0.0,0.0010733193551624237,1.0,-0.4737929357380706,0.5262070642619295
PAXGUSDT,YFIIUSDT,0.0,0.0,0.0,0.0014493588042477322,1.0,-0.5254738827497738,0.47452611725022625
