S1,S2,VECM(q),mu,Johansen_slope,stdev,model,w1,w2
ETHUSDT,MKRUSDT,0.0,0.0,0.0,0.0009908686512821435,1.0,-0.48781725992006864,0.5121827400799314
ETHUSDT,PAXGUSDT,0.0,-7.5135762419554535,0.0,0.0007010512797167124,2.0,-0.04227908491382715,-0.9577209150861729
MKRUSDT,PAXGUSDT,0.0,-7.493105052762425,0.0,0.0006920511926801004,2.0,-0.032481932983490364,-0.9675180670165097
MKRUSDT,YFIIUSDT,0.0,-3.5622287400738504,-7.781173869291133e-05,0.0013756083884604536,4.0,-0.7345893797948525,0.26541062020514755
PAXGUSDT,YFIIUSDT,0.0,-6.323611753769202,0.0,0.0006562383745011876,2.0,-0.926876372320856,0.07312362767914404
