S1,S2,VECM(q),mu,Johansen_slope,stdev,model,w1,w2
ETHUSDT,PAXGUSDT,1.0,0.0,0.0,0.002802339051897225,1.0,-0.47439823692514055,0.5256017630748595
ETHUSDT,YFIIUSDT,1.0,-6.32489879674231,-0.00016614610780850216,0.00375212876950256,4.0,0.09337092182053738,-0.9066290781794626
KP3RUSDT,MKRUSDT,1.0,-4.048623632122874,-0.00018146923489706913,0.0035564048673181145,4.0,0.257512763862595,-0.7424872361374051
KP3RUSDT,PAXGUSDT,0.0,7.46916605470087,-4.423205197353556e-06,0.0006950005943471647,4.0,0.021452928811399537,0.9785470711886005
KP3RUSDT,YFIIUSDT,0.0,-3.599084454345526,0.0,0.002687566910152632,2.0,-0.7893162565766636,0.21068374342333646
MKRUSDT,PAXGUSDT,1.0,-7.497562840645793,0.0,0.0009085233951691307,2.0,-0.037223422511378425,-0.9627765774886216
PAXGUSDT,YFIIUSDT,1.0,-7.506746895696422,0.0,0.0009961805490459501,2.0,-0.9440219246865725,-0.055978075313427474
