S1,S2,VECM(q),mu,Johansen_slope,stdev,model,w1,w2
ETHUSDT,YFIIUSDT,1.0,0.0,0.0,0.002814930552976697,1.0,-0.5091549146842912,0.49084508531570886
MKRUSDT,PAXGUSDT,0.0,-6.131442051960371,0.0,0.0007275725546930409,2.0,0.08822522426384644,-0.9117747757361536
MKRUSDT,YFIIUSDT,1.0,0.0,0.0,0.002056986679174987,1.0,-0.5136270449594891,0.486372955040511
