S1,S2,VECM(q),mu,Johansen_slope,stdev,model,w1,w2
ETHUSDT,YFIIUSDT,0.0,-6.614777620087501,0.0,0.0026268274885601775,3.0,-0.9082121370403112,0.09178786295968878
MKRUSDT,YFIIUSDT,0.0,-3.7054824999297438,0.0,0.00223320882541845,2.0,-0.7460287233606185,0.2539712766393815
PAXGUSDT,YFIIUSDT,0.0,-7.491829499295519,0.0,0.0008275242937106423,3.0,-0.9830175338543643,-0.016982466145635672
