S1,S2,VECM(q),mu,Johansen_slope,stdev,model,w1,w2
ETHUSDT,KP3RUSDT,1.0,-6.15112493804214,0.0,0.001519971480273843,2.0,-0.8590151046989947,0.14098489530100536
ETHUSDT,MKRUSDT,1.0,-4.454930854551809,0.0,0.001245892020846418,2.0,-0.7641775210376138,0.23582247896238626
ETHUSDT,PAXGUSDT,1.0,0.0,0.0,0.0010433954305749983,1.0,-0.4764185853131584,0.5235814146868416
ETHUSDT,YFIIUSDT,1.0,-6.418397904850166,0.0,0.001940586783424388,2.0,-0.8870955582799224,0.11290444172007764
KP3RUSDT,MKRUSDT,1.0,4.862599200710816,0.0,0.0029718087939932802,3.0,-0.20526252344985774,0.7947374765501423
MKRUSDT,PAXGUSDT,0.0,-1.1579478111875925,-4.024173464775254e-05,0.00154620454464147,4.0,0.41377095181853313,-0.5862290481814668
