S1,S2,VECM(q),mu,Johansen_slope,stdev,model,w1,w2
MKRUSDT,YFIIUSDT,0.0,-1.191246770556647,-4.704057508785764e-05,0.0023299207544981,5.0,-0.5506614165071189,0.4493385834928811
