S1,S2,VECM(q),mu,Johansen_slope,stdev,model,w1,w2
MKRUSDT,PAXGUSDT,0.0,5.625705336443502,-6.18001958047808e-05,0.0011245115319878643,4.0,-0.12263069530017846,0.8773693046998216
