S1,S2,VECM(q),mu,Johansen_slope,stdev,model,w1,w2
ETHUSDT,MKRUSDT,0.0,-7.866565288431702,-0.0006690419602418365,0.004701167860230415,4.0,-0.35502190179192716,-0.6449780982080728
ETHUSDT,PAXGUSDT,0.0,6.693074772367153,0.0,0.0006156040267450336,3.0,-0.050746309185100785,0.9492536908148993
ETHUSDT,YFIIUSDT,0.0,0.0,0.0,0.0027420836785989147,1.0,-0.5065105234418549,0.49348947655814523
MKRUSDT,PAXGUSDT,0.0,-7.531058486329366,-0.00014773913276751668,0.0016742376246347637,4.0,-0.1440659170111591,-0.8559340829888409
MKRUSDT,YFIIUSDT,0.0,7.949188824548281,0.0005823518475032618,0.004507577903424459,4.0,0.5491463570953738,0.45085364290462615
PAXGUSDT,YFIIUSDT,0.0,6.552697824239658,6.110040417151827e-06,0.0009577068896017933,4.0,0.9408830155921112,-0.05911698440788877
