S1,S2,VECM(q),mu,Johansen_slope,stdev,model,w1,w2
MKRUSDT,PAXGUSDT,0.0,-7.5631103051233,0.0,0.002607118061028962,2.0,-0.034295660326690555,-0.9657043396733095
