S1,S2,VECM(q),mu,Johansen_slope,stdev,model,w1,w2
ETHUSDT,MKRUSDT,0.0,0.0,0.0,0.0021408439885092696,1.0,-0.507262196139224,0.49273780386077615
ETHUSDT,YFIIUSDT,0.0,0.0,0.0,0.002584315607253511,1.0,-0.4897727137363032,0.5102272862636968
MKRUSDT,PAXGUSDT,0.0,5.125012252009714,0.0,0.001648757916446756,3.0,-0.14988250088933733,0.8501174991106627
MKRUSDT,YFIIUSDT,0.0,0.0,0.0,0.0026503431813176682,1.0,-0.48252629786808954,0.5174737021319106
PAXGUSDT,YFIIUSDT,0.0,-4.636623370193965,0.0,0.001901689541491116,2.0,-0.8129490563269239,0.18705094367307606
