S1,S2,VECM(q),mu,Johansen_slope,stdev,model,w1,w2
ETHUSDT,MKRUSDT,0.0,0.0,0.0,0.000829322533041685,1.0,-0.505303967053916,0.49469603294608394
ETHUSDT,PAXGUSDT,0.0,-5.514862450931047,0.0,0.0004833451756553582,2.0,0.1301355297439829,-0.8698644702560171
MKRUSDT,PAXGUSDT,0.0,-5.182133521705878,0.0,0.0005958375096214914,2.0,0.15022298511590526,-0.8497770148840947
