S1,S2,VECM(q),mu,Johansen_slope,stdev,model,w1,w2
ETHUSDT,MKRUSDT,0.0,-0.4609737722928863,-0.00012343895219676286,0.0015002268321746065,4.0,-0.5204109497875951,0.479589050212405
ETHUSDT,PAXGUSDT,2.0,-7.566428865911069,0.0,0.0005643792518976459,2.0,-0.08877872747541368,-0.9112212725245864
KP3RUSDT,PAXGUSDT,0.0,-7.48459335537474,0.0,0.0009323948597238153,2.0,-0.014850322550791288,-0.9851496774492088
