S1,S2,VECM(q),mu,Johansen_slope,stdev,model,w1,w2
ETHUSDT,MKRUSDT,0.0,-0.6637019735721783,-4.877447637292757e-05,0.00092420146092271,4.0,-0.5300921994857468,0.4699078005142531
ETHUSDT,PAXGUSDT,0.0,-7.574449481360254,0.0,0.0007704920469546867,2.0,-0.09311957158533929,-0.9068804284146608
ETHUSDT,YFIIUSDT,0.0,-1.4851241813946177,-2.9402278396047044e-05,0.001066088653601633,5.0,-0.5835831054912737,0.4164168945087264
KP3RUSDT,MKRUSDT,0.0,4.569028639226609,-4.884661118320336e-05,0.002491952993185571,5.0,-0.22952033806785757,0.7704796619321425
KP3RUSDT,PAXGUSDT,0.0,-7.477548351688984,0.0,0.0008944039915459691,2.0,-0.033640565802547685,-0.9663594341974523
MKRUSDT,PAXGUSDT,0.0,-7.534041408320482,0.0,0.000619439473192294,2.0,-0.0778072305312053,-0.9221927694687947
PAXGUSDT,YFIIUSDT,0.0,-7.554911771049656,0.0,0.0005787395992345849,2.0,-0.9069162697427525,-0.0930837302572475
