S1,S2,VECM(q),mu,Johansen_slope,stdev,model,w1,w2
ETHUSDT,YFIIUSDT,0.0,0.0,0.0,0.0011620774858442937,1.0,-0.5025626935309859,0.4974373064690141
MKRUSDT,PAXGUSDT,0.0,-7.481179137516985,-3.77946933896278e-05,0.0006222974441403192,4.0,-0.02933342286398153,-0.9706665771360184
