S1,S2,VECM(q),mu,Johansen_slope,stdev,model,w1,w2
ETHUSDT,MKRUSDT,0.0,-3.0535953643908815,-8.692391626244245e-05,0.001270969729349172,4.0,-0.7024619036917824,0.2975380963082176
ETHUSDT,PAXGUSDT,0.0,7.4818290554602545,6.218292429581192e-05,0.001233231246519614,5.0,0.09888052525025212,0.901119474749748
