S1,S2,VECM(q),mu,Johansen_slope,stdev,model,w1,w2
ETHUSDT,MKRUSDT,0.0,0.0,0.0,0.0018896337011777477,1.0,-0.510816632896716,0.48918336710328414
ETHUSDT,PAXGUSDT,0.0,6.828711488347958,0.0,0.0015785331629296546,3.0,-0.042015058875789255,0.9579849411242107
MKRUSDT,PAXGUSDT,0.0,6.201475148324233,0.0,0.0014020420100299361,3.0,-0.0825501156047976,0.9174498843952025
MKRUSDT,YFIIUSDT,0.0,-0.5229026777593057,0.00011526970356139542,0.0018884143024685122,5.0,-0.5338799996098755,0.4661200003901244
