S1,S2,VECM(q),mu,Johansen_slope,stdev,model,w1,w2
KP3RUSDT,MKRUSDT,0.0,0.0,0.0,0.009377553610514401,1.0,-0.533519315308174,0.466480684691826
