S1,S2,VECM(q),mu,Johansen_slope,stdev,model,w1,w2
ETHUSDT,YFIIUSDT,0.0,8.656561436927573,0.0,0.007737391406168148,3.0,0.19672174398885503,0.803278256011145
MKRUSDT,PAXGUSDT,0.0,5.873691551447559,-1.5648402462176233e-05,0.0006650635463814525,5.0,-0.10419834965214887,0.8958016503478512
MKRUSDT,YFIIUSDT,0.0,8.692674077364728,0.0,0.009165686851217655,3.0,0.14238055980717607,0.857619440192824
PAXGUSDT,YFIIUSDT,0.0,0.0,0.0,0.0041648159471249875,1.0,-0.53909089792462,0.46090910207538016
