S1,S2,VECM(q),mu,Johansen_slope,stdev,model,w1,w2
ETHUSDT,PAXGUSDT,0.0,7.401822152585219,0.0,0.002078014503305948,3.0,-0.008848499405215019,0.991151500594785
MKRUSDT,PAXGUSDT,0.0,7.364096493511478,0.0,0.0022311302533024103,3.0,-0.011063516674187738,0.9889364833258123
MKRUSDT,YFIIUSDT,0.0,-1.4163635402639845,0.0,0.004692345211354898,2.0,-0.5666422045239426,0.4333577954760573
PAXGUSDT,YFIIUSDT,0.0,-7.389945780453666,0.0,0.00209933887914399,3.0,-0.9901072529125656,0.009892747087434423
