S1,S2,VECM(q),mu,Johansen_slope,stdev,model,w1,w2
ETHUSDT,MKRUSDT,0.0,0.0,0.0,0.010945800977068066,1.0,-0.5109870250158455,0.4890129749841545
ETHUSDT,YFIIUSDT,0.0,-1.4596876758102355,0.0,0.0020411192887948722,2.0,-0.5834055122566201,0.41659448774337987
