S1,S2,VECM(q),mu,Johansen_slope,stdev,model,w1,w2
ETHUSDT,YFIIUSDT,1.0,1.4740722549942131,0.0,0.0022728844537962603,2.0,0.5852059668220215,-0.4147940331779785
MKRUSDT,PAXGUSDT,0.0,-7.46962529242307,-3.69522809661636e-05,0.0010070848584406342,4.0,0.005492364239887011,-0.994507635760113
PAXGUSDT,YFIIUSDT,0.0,-7.359484732142956,-4.095515966202249e-05,0.0010041338483079967,4.0,-0.9869713621944349,0.013028637805565098
