S1,S2,VECM(q),mu,Johansen_slope,stdev,model,w1,w2
ETHUSDT,MKRUSDT,1.0,0.0,0.0,0.0019496908408574937,1.0,-0.5051314974247004,0.4948685025752995
ETHUSDT,YFIIUSDT,1.0,0.0,0.0,0.002694484687325482,1.0,-0.508678926976949,0.491321073023051
MKRUSDT,YFIIUSDT,0.0,-7.655727605018451,-0.00020534754809895615,0.002592592459548974,5.0,-0.8929382701746782,-0.10706172982532183
