S1,S2,VECM(q),mu,Johansen_slope,stdev,model,w1,w2
ETHUSDT,MKRUSDT,0.0,4.058147427310014,0.0,0.0018640247574956562,2.0,0.7661637334292161,-0.23383626657078396
ETHUSDT,PAXGUSDT,0.0,-3.6328243976880943,-3.948113366774576e-05,0.0010055616268240016,4.0,0.2532023917619118,-0.7467976082380882
MKRUSDT,YFIIUSDT,0.0,-0.38949731644146374,-0.00035380540884597775,0.0037673336828670393,4.0,0.4840601089221935,-0.5159398910778065
