S1,S2,VECM(q),mu,Johansen_slope,stdev,model,w1,w2
ETHUSDT,MKRUSDT,0.0,2.6397478738429134,0.0,0.0034978803226598824,2.0,0.673481258354488,-0.32651874164551203
ETHUSDT,PAXGUSDT,0.0,-7.5262184853478455,0.0,0.001473705748219277,2.0,-0.05302431631811329,-0.9469756836818867
ETHUSDT,YFIIUSDT,1.0,-3.0947891638512894,0.0,0.0033906496914824684,2.0,0.2977853834277065,-0.7022146165722934
MKRUSDT,PAXGUSDT,0.0,7.529577512283996,0.0,0.0015486494130515047,3.0,0.031383486780435975,0.968616513219564
MKRUSDT,YFIIUSDT,0.0,-4.9331180783016135,0.0,0.004633447368822817,2.0,0.17670240224761533,-0.8232975977523846
PAXGUSDT,YFIIUSDT,0.0,0.0,0.0,0.0036388903764178336,1.0,-0.5114449578587211,0.48855504214127893
