S1,S2,VECM(q),mu,Johansen_slope,stdev,model,w1,w2
ETHUSDT,PAXGUSDT,0.0,7.069439101058803,-4.29799057395334e-05,0.0007671252463462427,5.0,-0.025961192319946806,0.9740388076800532
ETHUSDT,YFIIUSDT,0.0,0.0,0.0,0.001217724595775577,1.0,-0.5055377907339684,0.4944622092660315
MKRUSDT,PAXGUSDT,0.0,5.932270855706118,0.0,0.0008815149084794083,2.0,-0.10078253151133836,0.8992174684886617
PAXGUSDT,YFIIUSDT,0.0,-7.096950186872054,4.293498642931018e-05,0.0007314363648443707,4.0,-0.9760812729999246,0.023918727000075444
