S1,S2,VECM(q),mu,Johansen_slope,stdev,model,w1,w2
ETHUSDT,KP3RUSDT,0.0,3.312012414143033,0.00014384351139277486,0.002386371711355269,4.0,0.6664704164259915,-0.3335295835740085
ETHUSDT,PAXGUSDT,0.0,-7.5033216602674075,0.0,0.0006295423805429172,2.0,-0.021472374820220887,-0.9785276251797791
KP3RUSDT,MKRUSDT,0.0,0.0,0.0,0.003236424107632618,1.0,-0.5401202597757264,0.4598797402242737
KP3RUSDT,PAXGUSDT,0.0,-7.473682894036368,0.0,0.0006330147098267624,2.0,-0.014509702179729958,-0.9854902978202701
KP3RUSDT,YFIIUSDT,0.0,0.0,0.0,0.003465569096646892,1.0,-0.5423627796198737,0.4576372203801264
MKRUSDT,PAXGUSDT,0.0,-7.495116704409031,0.0,0.0006969065983914135,2.0,-0.026325029738655283,-0.9736749702613448
PAXGUSDT,YFIIUSDT,0.0,-7.455231126851893,0.0,0.000664463800782742,2.0,-0.9980579579675352,0.0019420420324648474
