S1,S2,VECM(q),mu,Johansen_slope,stdev,model,w1,w2
ETHUSDT,MKRUSDT,0.0,-3.124455466276183,7.733631853464161e-05,0.0011654208724923632,4.0,-0.688547446891219,0.311452553108781
ETHUSDT,PAXGUSDT,0.0,-7.567350011990566,0.0,0.0007294029928653436,2.0,-0.10896619748472783,-0.8910338025152722
MKRUSDT,PAXGUSDT,0.0,-7.535172946483447,0.0,0.000675890454727962,2.0,-0.07987343947561949,-0.9201265605243806
MKRUSDT,YFIIUSDT,0.0,8.301697151954142,-0.00021616933693357067,0.004051245663028247,4.0,0.3460932543967977,0.6539067456032023
PAXGUSDT,YFIIUSDT,0.0,-6.736662323111641,0.0,0.0006421199087151188,2.0,-0.9522803423112468,0.04771965768875327
