S1,S2,VECM(q),mu,Johansen_slope,stdev,model,w1,w2
ETHUSDT,PAXGUSDT,0.0,-7.578895384704424,0.0,0.0006903296498777066,2.0,-0.0989343030628352,-0.9010656969371649
KP3RUSDT,PAXGUSDT,0.0,-7.477481204429822,0.0,0.0012861100470440794,2.0,-0.045708656363019774,-0.9542913436369803
