S1,S2,VECM(q),mu,Johansen_slope,stdev,model,w1,w2
ETHUSDT,YFIIUSDT,0.0,-2.8717014026686654,0.0,0.0031583146290049754,3.0,-0.7017403164704292,0.2982596835295708
