S1,S2,VECM(q),mu,Johansen_slope,stdev,model,w1,w2
ETHUSDT,PAXGUSDT,0.0,7.491938796575945,0.0,0.0007901452679288386,3.0,0.07403024353213597,0.9259697564678641
MKRUSDT,PAXGUSDT,0.0,7.499291429533982,0.0,0.0007810446867661121,3.0,0.06832645398987633,0.9316735460101236
PAXGUSDT,YFIIUSDT,0.0,7.485718203859271,0.0,0.0009121699669563802,3.0,0.9232995309591393,0.07670046904086071
