S1,S2,VECM(q),mu,Johansen_slope,stdev,model,w1,w2
ETHUSDT,MKRUSDT,0.0,0.0,0.0,0.0013270831086565,1.0,-0.505165537064527,0.4948344629354729
MKRUSDT,PAXGUSDT,0.0,-7.54119530034659,0.0,0.0012321824810567065,2.0,-0.36030463129862267,-0.6396953687013773
MKRUSDT,YFIIUSDT,0.0,-6.792659350126419,0.0,0.0038473421720988795,2.0,-0.9434979578105543,0.056502042189445614
