S1,S2,VECM(q),mu,Johansen_slope,stdev,model,w1,w2
ETHUSDT,YFIIUSDT,0.0,2.9176211811299684,-8.561323213928985e-05,0.0017645233812523344,4.0,0.6974093569404426,-0.30259064305955735
