S1,S2,VECM(q),mu,Johansen_slope,stdev,model,w1,w2
ETHUSDT,YFIIUSDT,0.0,0.0,0.0,0.0023425683190645913,1.0,-0.5148589835638241,0.485141016436176
MKRUSDT,PAXGUSDT,0.0,-7.071998240685444,0.0,0.00053776890220051,2.0,0.027854869389698663,-0.9721451306103014
PAXGUSDT,YFIIUSDT,0.0,-7.264282866793829,0.0,0.0005500240609577295,3.0,-0.9849549133596383,0.015045086640361792
