S1,S2,VECM(q),mu,Johansen_slope,stdev,model,w1,w2
ETHUSDT,KP3RUSDT,0.0,0.0,0.0,0.00335765734061426,1.0,-0.4568570460958352,0.5431429539041648
ETHUSDT,PAXGUSDT,0.0,-7.577544559323943,0.0,0.0008700166041823662,2.0,-0.0662390448722919,-0.9337609551277081
KP3RUSDT,MKRUSDT,0.0,0.0,0.0,0.003449134195252196,1.0,-0.5325555302487024,0.46744446975129766
KP3RUSDT,PAXGUSDT,0.0,0.0,0.0,0.003701106759817185,1.0,-0.5161831448373433,0.48381685516265677
KP3RUSDT,YFIIUSDT,0.0,0.0,0.0,0.003909688577828527,1.0,-0.5396751716130465,0.4603248283869536
MKRUSDT,PAXGUSDT,0.0,-7.531197968363033,0.0,0.001028692745103008,2.0,-0.020711870622283808,-0.9792881293777163
PAXGUSDT,YFIIUSDT,0.0,-7.364137417648018,0.0,0.0010613521004044564,2.0,-0.9900913333258506,0.00990866667414935
