S1,S2,VECM(q),mu,Johansen_slope,stdev,model,w1,w2
ETHUSDT,MKRUSDT,0.0,0.0,0.0,0.0032789193756908863,1.0,-0.5137214737354437,0.48627852626455637
ETHUSDT,PAXGUSDT,0.0,-5.14933513622828,0.0,0.0010452064098394377,2.0,0.15379275228857767,-0.8462072477114223
ETHUSDT,YFIIUSDT,0.0,2.4404760221544186,0.0,0.0019467716668193468,2.0,0.6604555259569075,-0.3395444740430925
MKRUSDT,PAXGUSDT,0.0,0.0,0.0,0.003795828183771781,1.0,-0.4780837898485816,0.5219162101514184
MKRUSDT,YFIIUSDT,0.0,-5.761863194177545,0.0,0.006449989564139963,2.0,-0.8494209872850058,0.15057901271499424
PAXGUSDT,YFIIUSDT,0.0,-6.480493592000873,0.0,0.0010960367347375415,2.0,-0.9341454684319452,0.06585453156805479
