S1,S2,VECM(q),mu,Johansen_slope,stdev,model,w1,w2
ETHUSDT,PAXGUSDT,0.0,6.669579525656477,-3.102408030365356e-05,0.0004857306509886224,4.0,-0.05241524951831144,0.9475847504816886
MKRUSDT,PAXGUSDT,0.0,6.832129945874717,-3.0100582820067645e-05,0.00048564766906861775,4.0,-0.04169395242000834,0.9583060475799917
