S1,S2,VECM(q),mu,Johansen_slope,stdev,model,w1,w2
ETHUSDT,PAXGUSDT,2.0,4.643357893067405,0.0,0.0007147120595963677,3.0,-0.18781559608383291,0.8121844039161671
ETHUSDT,YFIIUSDT,1.0,0.0,0.0,0.0013099258271165259,1.0,-0.5033031671245388,0.4966968328754612
PAXGUSDT,YFIIUSDT,0.0,0.0,0.0,0.0017492232996343842,1.0,-0.5109357461798597,0.48906425382014035
