S1,S2,VECM(q),mu,Johansen_slope,stdev,model,w1,w2
ETHUSDT,MKRUSDT,0.0,0.0,0.0,0.0012321191002269325,1.0,-0.49502536563788685,0.5049746343621132
ETHUSDT,PAXGUSDT,0.0,7.560361011043308,0.0,0.0009580150584642907,3.0,0.1001356120050897,0.8998643879949103
ETHUSDT,YFIIUSDT,0.0,-2.492742268755214,0.0,0.0014458529113173851,3.0,-0.6598860104001709,0.34011398959982914
MKRUSDT,PAXGUSDT,0.0,7.539929602209445,0.0,0.0009239431573510269,3.0,0.09113839121922916,0.9088616087807708
MKRUSDT,YFIIUSDT,0.0,-2.046232869148653,0.0,0.0018593516971547406,3.0,-0.6391730303507422,0.3608269696492578
PAXGUSDT,YFIIUSDT,0.0,7.549925742096065,0.0,0.0010838530397507666,3.0,0.9441784266045126,0.055821573395487496
