S1,S2,VECM(q),mu,Johansen_slope,stdev,model,w1,w2
ETHUSDT,MKRUSDT,0.0,1.3288809108193873,0.0,0.001903686110112728,3.0,-0.4268821982131572,0.5731178017868428
ETHUSDT,PAXGUSDT,0.0,7.559825493479094,0.0,0.0009247819889276496,3.0,0.02365043324600732,0.9763495667539926
ETHUSDT,YFIIUSDT,0.0,-5.32015132483234,-0.00017129133589589593,0.002521376743090149,4.0,0.143066455230476,-0.856933544769524
MKRUSDT,PAXGUSDT,0.0,7.567470701258134,0.0,0.0009252223680755312,3.0,0.02415513171353215,0.9758448682864679
MKRUSDT,YFIIUSDT,0.0,-5.474453943029352,-0.00019538172536546277,0.002545428982883281,4.0,0.13034636894516965,-0.8696536310548303
PAXGUSDT,YFIIUSDT,0.0,-7.551362443553516,0.0,0.0009073569806633665,3.0,-0.9539539937024797,-0.04604600629752036
