S1,S2,VECM(q),mu,Johansen_slope,stdev,model,w1,w2
ETHUSDT,PAXGUSDT,0.0,-5.937562010424657,0.0,0.0013944638724100703,2.0,0.10139033788155141,-0.8986096621184486
MKRUSDT,PAXGUSDT,0.0,-6.343308456355551,0.0,0.0014157365252283273,2.0,0.07294887644957332,-0.9270511235504267
MKRUSDT,YFIIUSDT,0.0,0.0,0.0,0.006566102850109343,1.0,-0.5017138374814358,0.4982861625185641
