S1,S2,VECM(q),mu,Johansen_slope,stdev,model,w1,w2
MKRUSDT,PAXGUSDT,0.0,-6.888247203562434,0.0,0.0011465099026638696,2.0,0.03907418099924054,-0.9609258190007595
