S1,S2,VECM(q),mu,Johansen_slope,stdev,model,w1,w2
ETHUSDT,PAXGUSDT,0.0,-5.699528320462252,-4.6174969050263165e-05,0.000685201596293571,4.0,0.11396968194522525,-0.8860303180547747
KP3RUSDT,MKRUSDT,0.0,-4.718627991388032,0.0005034068745985196,0.005225784036254154,5.0,-0.8652668948862141,0.13473310511378594
KP3RUSDT,YFIIUSDT,0.0,4.483939849626338,-0.000652520767087043,0.0053129048186387326,4.0,0.8515574146468613,-0.14844258535313878
MKRUSDT,PAXGUSDT,0.0,7.377327323736688,0.0,0.0008590115267636668,3.0,-0.007947724561200756,0.9920522754387993
