S1,S2,VECM(q),mu,Johansen_slope,stdev,model,w1,w2
ETHUSDT,PAXGUSDT,0.0,-7.013313326008017,3.123136550830198e-05,0.0009069084927339526,4.0,0.03333348737581532,-0.9666665126241847
MKRUSDT,PAXGUSDT,0.0,6.488538068449903,0.0,0.0008605428263977995,2.0,-0.06678297620501455,0.9332170237949854
PAXGUSDT,YFIIUSDT,0.0,-7.520876241602832,3.972828227791163e-05,0.001250811325533286,4.0,-0.9829944832949008,-0.01700551670509917
