S1,S2,VECM(q),mu,Johansen_slope,stdev,model,w1,w2
MKRUSDT,YFIIUSDT,0.0,-8.090490106551117,0.00027614269387155006,0.006625272208682904,5.0,-0.9675146326594528,0.03248536734054728
