S1,S2,VECM(q),mu,Johansen_slope,stdev,model,w1,w2
ETHUSDT,MKRUSDT,0.0,-1.6222705243661824,0.0,0.0022058630554583135,2.0,-0.6086822404736751,0.39131775952632486
ETHUSDT,PAXGUSDT,0.0,0.0,0.0,0.004436324134338141,1.0,-0.49174737631937376,0.5082526236806263
ETHUSDT,YFIIUSDT,0.0,0.0,0.0,0.0020765392580119526,1.0,-0.5044572875952001,0.4955427124047999
MKRUSDT,PAXGUSDT,0.0,0.0,0.0,0.0051515434814365735,1.0,-0.4865487973973125,0.5134512026026875
MKRUSDT,YFIIUSDT,0.0,0.0,0.0,0.002291407350872411,1.0,-0.4993066283186183,0.5006933716813817
PAXGUSDT,YFIIUSDT,0.0,-6.868280660250468,-1.0042496910513111e-06,0.000829237696105939,4.0,-0.9587486046287657,0.0412513953712344
