S1,S2,VECM(q),mu,Johansen_slope,stdev,model,w1,w2
ETHUSDT,PAXGUSDT,0.0,7.512787763057305,0.0,0.000681010625189102,3.0,0.05161812418193805,0.948381875818062
ETHUSDT,YFIIUSDT,0.0,8.182230710534315,-0.00025286781520760844,0.0028616864923015077,4.0,0.8815757284846892,0.11842427151531078
MKRUSDT,PAXGUSDT,0.0,-6.384694668179366,-3.097008428650924e-05,0.0006209165770340936,4.0,0.07143176484469069,-0.9285682351553093
MKRUSDT,YFIIUSDT,0.0,0.0,0.0,0.0011770281866459976,1.0,-0.5142265177031886,0.48577348229681144
PAXGUSDT,YFIIUSDT,0.0,-7.508479925618695,0.0,0.0007961394376632752,3.0,-0.960675587419018,-0.039324412580982
