S1,S2,VECM(q),mu,Johansen_slope,stdev,model,w1,w2
ETHUSDT,MKRUSDT,0.0,0.0,0.0,0.0012329385686024744,1.0,-0.49722391862964027,0.5027760813703598
