S1,S2,VECM(q),mu,Johansen_slope,stdev,model,w1,w2
ETHUSDT,MKRUSDT,0.0,0.0,0.0,0.0010013659491908467,1.0,-0.5074629130399637,0.49253708696003634
ETHUSDT,PAXGUSDT,0.0,-6.226039186440368,0.0,0.000734044532945333,2.0,0.08426139622620889,-0.9157386037737911
MKRUSDT,PAXGUSDT,0.0,6.4520969597820335,0.0,0.0007682239476206421,3.0,-0.0683152781098246,0.9316847218901754
PAXGUSDT,YFIIUSDT,1.0,-7.509923744612554,2.642629536439262e-05,0.0006523393936883477,4.0,-0.9783383778289876,-0.021661622171012373
