S1,S2,VECM(q),mu,Johansen_slope,stdev,model,w1,w2
ETHUSDT,MKRUSDT,3.0,-4.205322376545665,0.0,0.0022529806275709222,2.0,0.24757138668985995,-0.75242861331014
ETHUSDT,YFIIUSDT,0.0,-3.785632089725473,0.0,0.0015087107753810308,2.0,-0.7380765412921351,0.26192345870786504
MKRUSDT,PAXGUSDT,0.0,0.0,0.0,0.0015703951256359954,1.0,-0.47555254121776414,0.5244474587822359
MKRUSDT,YFIIUSDT,0.0,-5.929192268140844,0.0,0.002674411070256098,2.0,-0.8601715299993528,0.13982847000064735
PAXGUSDT,YFIIUSDT,0.0,7.51230689754,-2.510536922725704e-05,0.0007109374831012967,4.0,0.9689216945403931,0.03107830545960693
