S1,S2,VECM(q),mu,Johansen_slope,stdev,model,w1,w2
ETHUSDT,PAXGUSDT,0.0,0.0,0.0,0.001642733499802459,1.0,-0.4860766600735805,0.5139233399264196
ETHUSDT,YFIIUSDT,0.0,-8.001599290679865,0.0,0.0035217346187619903,3.0,-0.8264957883734994,-0.1735042116265006
MKRUSDT,PAXGUSDT,0.0,0.0,0.0,0.002216918417508545,1.0,-0.4816136818377342,0.5183863181622659
MKRUSDT,YFIIUSDT,0.0,-8.155933369860158,0.0,0.0043784932077378085,3.0,-0.6932179205002735,-0.30678207949972647
PAXGUSDT,YFIIUSDT,0.0,7.554179983538011,0.0,0.0008097942135879445,2.0,0.9346295134246448,0.06537048657535523
