S1,S2,VECM(q),mu,Johansen_slope,stdev,model,w1,w2
ETHUSDT,MKRUSDT,1.0,0.0,0.0,0.002125354450305202,1.0,-0.5040952896047515,0.4959047103952486
ETHUSDT,YFIIUSDT,0.0,0.0,0.0,0.0016918583537358764,1.0,-0.5081917336871284,0.4918082663128716
MKRUSDT,PAXGUSDT,0.0,-7.559551582281667,-0.00014530323786625098,0.001773419069727007,4.0,-0.39052007800748145,-0.6094799219925185
MKRUSDT,YFIIUSDT,0.0,2.2207533761023788,0.0001226233223707864,0.0020923206093266798,4.0,0.6469142583173245,-0.35308574168267554
