S1,S2,VECM(q),mu,Johansen_slope,stdev,model,w1,w2
ETHUSDT,PAXGUSDT,0.0,-7.488446210638848,0.0,0.0007852963007865277,2.0,-0.020609651434128518,-0.9793903485658715
ETHUSDT,YFIIUSDT,1.0,-0.020546323622451484,-0.00012705694858435553,0.0010385198938572,5.0,-0.5060642899290337,0.4939357100709662
MKRUSDT,PAXGUSDT,0.0,-7.484757337597168,0.0,0.0008398509041401925,2.0,-0.0300514131682257,-0.9699485868317743
MKRUSDT,YFIIUSDT,1.0,1.3484525072245483,0.0,0.0009093613723400363,3.0,-0.43140165551610726,0.5685983444838927
PAXGUSDT,YFIIUSDT,1.0,-7.489450132627029,0.0,0.00080301238884169,2.0,-0.9816270537480305,-0.018372946251969603
