S1,S2,VECM(q),mu,Johansen_slope,stdev,model,w1,w2
ETHUSDT,PAXGUSDT,0.0,0.0,0.0,0.0010365925465610445,1.0,-0.5008148989487846,0.49918510105121544
MKRUSDT,PAXGUSDT,0.0,-4.520859569352547,0.0,0.0008681578939965722,2.0,0.19526364960359222,-0.8047363503964077
