S1,S2,VECM(q),mu,Johansen_slope,stdev,model,w1,w2
ETHUSDT,PAXGUSDT,0.0,6.855075045320501,0.0,0.0006296372394123443,2.0,-0.04030962633443886,0.9596903736655611
MKRUSDT,PAXGUSDT,0.0,-7.00750033194317,0.0,0.0006352251152535235,2.0,0.030215633068840873,-0.9697843669311591
PAXGUSDT,YFIIUSDT,0.0,-7.117270343229212,0.0,0.0007099196582468082,2.0,-0.9768697271159608,0.023130272884039235
