S1,S2,VECM(q),mu,Johansen_slope,stdev,model,w1,w2
ETHUSDT,MKRUSDT,0.0,-0.41014469963729894,-0.00011301852954165092,0.0010442726763848576,4.0,0.46072049884527105,-0.5392795011547289
ETHUSDT,PAXGUSDT,0.0,-7.137533776723402,0.0,0.00032423493209353263,2.0,0.023218150520814586,-0.9767818494791854
ETHUSDT,YFIIUSDT,0.0,-8.25569851627648,0.0,0.0014693132616064573,2.0,-0.8377519168334103,-0.16224808316658962
KP3RUSDT,PAXGUSDT,0.0,-7.499875037472107,0.0,0.0003373436934624067,2.0,-0.00667031877034638,-0.9933296812296536
MKRUSDT,PAXGUSDT,0.0,-7.396702010596472,0.0,0.0003764644930881178,2.0,0.00701883899425123,-0.9929811610057488
MKRUSDT,YFIIUSDT,0.0,-7.8715845479437245,-0.0002136424030320709,0.0022660213668348446,5.0,-0.8770863270424006,-0.12291367295759935
PAXGUSDT,YFIIUSDT,0.0,-7.508843675855477,-3.0296463858525503e-06,0.0003591913804441734,4.0,-0.990985389153458,-0.009014610846541943
