S1,S2,VECM(q),mu,Johansen_slope,stdev,model,w1,w2
ETHUSDT,PAXGUSDT,1.0,5.4799543867396725,-4.908414398273818e-05,0.0005908446266554507,4.0,-0.12817071622313497,0.871829283776865
