S1,S2,VECM(q),mu,Johansen_slope,stdev,model,w1,w2
ETHUSDT,MKRUSDT,0.0,-2.867708791675173,0.0,0.0009929976458999488,2.0,-0.687220819927541,0.31277918007245903
ETHUSDT,YFIIUSDT,0.0,-1.800304589957092,0.00010491126641968795,0.0009309924918884926,4.0,-0.6059608117702097,0.39403918822979034
