S1,S2,VECM(q),mu,Johansen_slope,stdev,model,w1,w2
ETHUSDT,PAXGUSDT,0.0,6.6470339493025445,0.0,0.0010761964371961987,3.0,-0.055064813404157045,0.944935186595843
MKRUSDT,PAXGUSDT,0.0,7.346584311027322,0.0,0.001081947540296313,3.0,-0.009105674882665784,0.9908943251173342
PAXGUSDT,YFIIUSDT,0.0,-7.17557435989896,0.0,0.0010680971705478676,3.0,-0.9793816720360778,0.020618327963922177
