S1,S2,VECM(q),mu,Johansen_slope,stdev,model,w1,w2
ETHUSDT,MKRUSDT,0.0,-2.573618255185819,0.0,0.002001231140586164,3.0,-0.6761672093268252,0.32383279067317483
MKRUSDT,YFIIUSDT,0.0,0.0,0.0,0.0021591847324112334,1.0,-0.5000719889467931,0.499928011053207
