S1,S2,VECM(q),mu,Johansen_slope,stdev,model,w1,w2
ETHUSDT,PAXGUSDT,0.0,-5.444036207416028,0.0,0.0004510905015801244,2.0,0.12962178868091115,-0.8703782113190889
MKRUSDT,PAXGUSDT,0.0,3.9961388020601794,0.0,0.0004620874243008736,3.0,-0.2282963999767333,0.7717036000232667
PAXGUSDT,YFIIUSDT,0.0,7.100212824699042,-2.2232187506363965e-05,0.0003697294958530745,4.0,0.9749703141487458,-0.025029685851254247
