S1,S2,VECM(q),mu,Johansen_slope,stdev,model,w1,w2
ETHUSDT,MKRUSDT,0.0,-4.885011850851273,0.0,0.0033939769174445977,3.0,-0.8218433997126031,0.17815660028739685
