S1,S2,VECM(q),mu,Johansen_slope,stdev,model,w1,w2
ETHUSDT,PAXGUSDT,0.0,7.303846327070355,-2.6445311736128283e-05,0.000494877920818816,4.0,-0.013145174577328857,0.9868548254226712
PAXGUSDT,YFIIUSDT,1.0,7.541704081191877,-2.7850341105330392e-05,0.0005232146795251865,4.0,0.9648215135643212,0.03517848643567882
