S1,S2,VECM(q),mu,Johansen_slope,stdev,model,w1,w2
ETHUSDT,MKRUSDT,0.0,0.0,0.0,0.0019217942902878804,1.0,-0.49124012639783216,0.5087598736021679
ETHUSDT,PAXGUSDT,0.0,0.0,0.0,0.003986808477253959,1.0,-0.4823481612384266,0.5176518387615734
ETHUSDT,YFIIUSDT,0.0,0.0,0.0,0.0022609156708527727,1.0,-0.5085747268669862,0.4914252731330137
MKRUSDT,PAXGUSDT,0.0,-6.60255674712228,0.0,0.000774702072332203,2.0,0.05654730743537006,-0.94345269256463
PAXGUSDT,YFIIUSDT,0.0,-6.209636278652417,0.0,0.0008071762826261558,2.0,-0.9204949924203937,0.07950500757960634
