S1,S2,VECM(q),mu,Johansen_slope,stdev,model,w1,w2
AAVEUSDT,KSMUSDT,0.0,-1.6977343610863356,0.00010819816012270018,0.002227267535498512,4.0,-0.6219537927658111,0.37804620723418897
