S1,S2,VECM(q),mu,Johansen_slope,stdev,model,w1,w2
BNBUPUSDT,DASHUSDT,0.0,1.5774850243249876,0.0001349602586852187,0.003343045264607104,5.0,-0.3255294926564181,0.6744705073435818
BNBUSDT,DASHUSDT,0.0,0.2692498385459562,9.301917491478106e-05,0.0022149323769208597,5.0,-0.46906158211649435,0.5309384178835057
