S1,S2,VECM(q),mu,Johansen_slope,stdev,model,w1,w2
AAVEUSDT,BCHUSDT,0.0,-0.473849495761701,-0.00011122747810662147,0.00226246160262163,5.0,-0.5769173016174823,0.42308269838251766
AUTOUSDT,BNBUPUSDT,0.0,0.0,0.0,0.009232722492595675,1.0,-0.48834975135260456,0.5116502486473954
AUTOUSDT,BNBUSDT,0.0,0.0,0.0,0.003337211882385276,1.0,-0.4468567170740095,0.5531432829259905
BCHUSDT,DASHUSDT,0.0,0.0,0.0,0.0028120643670616254,1.0,-0.45250913896035244,0.5474908610396476
BCHUSDT,SOLUSDT,0.0,0.0,0.0,0.004211004481186258,1.0,-0.34553516631377174,0.6544648336862283
BNBUPUSDT,BNBUSDT,0.0,-2.3566089674223365,0.0,0.0009126960634356253,2.0,0.2914421113053117,-0.7085578886946883
BNBUPUSDT,LTCUSDT,0.0,0.0,0.0,0.006284422570951763,1.0,-0.433412401211916,0.5665875987880841
COMPUSDT,KSMUSDT,0.0,-0.7316994942229877,0.00019125101894006772,0.0024033964737446233,4.0,-0.5351465619929786,0.46485343800702145
COMPUSDT,XMRUSDT,0.0,-2.2320087982160706,0.0,0.0027867600816985877,3.0,-0.6553881796306824,0.34461182036931765
