S1,S2,VECM(q),mu,Johansen_slope,stdev,model,w1,w2
ALCXUSDT,COMPUSDT,0.0,2.168351335689697,0.0,0.005899275812365527,2.0,0.6846113262721968,-0.31538867372780316
BCHUSDT,XMRUSDT,4.0,0.0,0.0,0.009421890343456462,1.0,-0.4633801692088654,0.5366198307911347
BNBUPUSDT,KSMUSDT,3.0,1.0517390986711264,0.0,0.009721889246201206,2.0,-0.3842899883882868,0.6157100116117132
BNBUSDT,KSMUSDT,3.0,-1.7168421270686043,0.0,0.00691536143194425,2.0,-0.6179657360990986,0.3820342639009015
DASHUSDT,LTCUSDT,4.0,0.0,0.0,0.007015616763623782,1.0,-0.5055963669069563,0.49440363309304364
ILVUSDT,SOLUSDT,3.0,0.0,0.0,0.005413217143337972,1.0,-0.42227677750261716,0.5777232224973828
