S1,S2,VECM(q),mu,Johansen_slope,stdev,model,w1,w2
AAVEUSDT,KSMUSDT,1.0,2.5932689445311303,-0.0007557025644414802,0.007938824368345483,4.0,-0.2906598339907331,0.7093401660092669
BCHUSDT,DASHUSDT,2.0,0.9566324716805535,0.0002442740798411899,0.008170641673469323,4.0,0.5342170759023965,-0.46578292409760347
BNBUPUSDT,KSMUSDT,1.0,0.6676144405182858,0.0,0.007790977033491061,3.0,-0.40596177909645687,0.5940382209035432
BNBUPUSDT,LTCUSDT,0.0,0.0,0.0,0.010310009333739822,1.0,-0.43816033898589335,0.5618396610141067
BNBUSDT,KSMUSDT,1.0,-0.892246853825337,0.0,0.006117082416868449,3.0,-0.5670829442665767,0.43291705573342326
KSMUSDT,LTCUSDT,1.0,0.0,0.0,0.00764105999503512,1.0,-0.48142421646087136,0.5185757835391287
