S1,S2,VECM(q),mu,Johansen_slope,stdev,model,w1,w2
BCHUSDT,COMPUSDT,0.0,6.092261179595136,0.0,0.0029211327590476406,3.0,0.2825306651224232,0.7174693348775768
BCHUSDT,LTCUSDT,0.0,-2.319878380861582,-8.641164174424514e-05,0.0011578760872591755,5.0,-0.6589667644172549,0.3410332355827452
COMPUSDT,DASHUSDT,0.0,0.0,0.0,0.0021431861716256152,1.0,-0.4705666030861181,0.529433396913882
COMPUSDT,SOLUSDT,0.0,-5.670906764994772,0.0,0.003611855289168593,3.0,-0.8815118047272867,-0.11848819527271329
COMPUSDT,XMRUSDT,0.0,-5.793420234669654,0.0,0.002593062070288475,3.0,-0.584214343591985,-0.415785656408015
