S1,S2,VECM(q),mu,Johansen_slope,stdev,model,w1,w2
AUTOUSDT,DASHUSDT,0.0,0.0,0.0,0.002880306362073489,1.0,-0.4347277198895492,0.5652722801104508
AUTOUSDT,QNTUSDT,0.0,0.0,0.0,0.006464352540317113,1.0,-0.44622018950414827,0.5537798104958518
BNBUPUSDT,BNBUSDT,0.0,-2.374719018223989,0.0,0.0013231582409326044,2.0,0.3031856526309078,-0.6968143473690922
BNBUPUSDT,COMPUSDT,0.0,0.0,0.0,0.00540645654496068,1.0,-0.49132207217936236,0.5086779278206377
BNBUPUSDT,LTCUSDT,0.0,-0.989920400082405,-0.00013688844555819862,0.002302971788283518,4.0,0.3713827912646135,-0.6286172087353865
BNBUSDT,LTCUSDT,0.0,-1.3644145470067677,0.00010142395644894977,0.001276429515288572,5.0,-0.5818534076604616,0.4181465923395385
DASHUSDT,QNTUSDT,0.0,0.0,0.0,0.0067278540211286025,1.0,-0.5115561760774273,0.48844382392257263
LTCUSDT,QNTUSDT,0.0,0.0,0.0,0.005324506985973026,1.0,-0.5181406694303212,0.4818593305696788
