S1,S2,VECM(q),mu,Johansen_slope,stdev,model,w1,w2
AUTOUSDT,BNBUPUSDT,1.0,2.696041349211584,-0.00018296082687593865,0.004281080201334294,4.0,0.6611312529458204,-0.3388687470541797
AUTOUSDT,BNBUSDT,0.0,-0.24414752297062753,0.00010476092742110387,0.0030014428693399225,4.0,-0.46415265474246775,0.5358473452575323
AUTOUSDT,COMPUSDT,1.0,-0.19367838159447495,-0.0003565150964413015,0.0033519903317683754,4.0,0.4389046501738061,-0.5610953498261939
AUTOUSDT,KSMUSDT,0.0,0.0,0.0,0.0033865834842309555,1.0,-0.4320235218306655,0.5679764781693345
AUTOUSDT,SOLUSDT,0.0,-1.9383504168231476,0.000141465663285596,0.002845416438844734,4.0,-0.4844038750177843,0.5155961249822157
BCHUSDT,DASHUSDT,0.0,-1.655616448978153,0.0,0.003100377702253479,2.0,0.3285300454090559,-0.6714699545909442
BCHUSDT,LTCUSDT,0.0,-4.044275861325244,0.0,0.005934819531141148,2.0,0.14637723236725134,-0.8536227676327487
BNBUPUSDT,BNBUSDT,0.0,-2.061958730337367,0.0,0.0009775853784020174,2.0,0.31218136826668463,-0.6878186317333155
DASHUSDT,LTCUSDT,0.0,0.0,0.0,0.003932045808056646,1.0,-0.4978801296197646,0.5021198703802354
