S1,S2,VECM(q),mu,Johansen_slope,stdev,model,w1,w2
AAVEUSDT,COMPUSDT,0.0,0.0,0.0,0.01147545286960401,1.0,-0.5065360520474417,0.4934639479525584
AAVEUSDT,DASHUSDT,0.0,-0.7458371781999074,0.00013226142470669814,0.0032619770014381444,4.0,0.41264063938559453,-0.5873593606144054
AAVEUSDT,LTCUSDT,0.0,1.80171719509407,-0.00010428730942235972,0.0014654435247626932,4.0,-0.3108817981966302,0.6891182018033698
BCHUSDT,DASHUSDT,0.0,0.0,0.0,0.0029178024584391522,1.0,-0.4631986055009886,0.5368013944990114
BCHUSDT,LTCUSDT,0.0,0.964498689876825,-6.727837838547407e-05,0.0014091707131474076,4.0,0.539361146090873,-0.46063885390912707
COMPUSDT,DASHUSDT,0.0,5.510620841813447,0.0,0.005897290634475822,2.0,0.11619872171453224,0.8838012782854677
DASHUSDT,LTCUSDT,0.0,0.0,0.0,0.0025194362601578093,1.0,-0.4932111656195833,0.5067888343804167
DASHUSDT,SOLUSDT,0.0,-4.767178389071438,0.0,0.00487062965866738,3.0,-0.7285457507145445,-0.27145424928545553
LTCUSDT,SOLUSDT,0.0,4.718339181434252,0.0,0.0025443724719506683,3.0,0.7531699595154064,0.24683004048459353
