S1,S2,VECM(q),mu,Johansen_slope,stdev,model,w1,w2
AUTOUSDT,BNBUPUSDT,0.0,0.0,0.0,0.005608254810811252,1.0,-0.4598760718262446,0.5401239281737553
AUTOUSDT,BNBUSDT,0.0,-1.3420926543444582,0.0002080094996540613,0.003343705817645937,4.0,-0.5147613884699199,0.4852386115300801
AUTOUSDT,COMPUSDT,0.0,0.0,0.0,0.004555425429668095,1.0,-0.4282715909213913,0.5717284090786088
BNBUPUSDT,BNBUSDT,0.0,0.0,0.0,0.0025989718072298613,1.0,-0.461044740888892,0.538955259111108
BNBUPUSDT,COMPUSDT,0.0,0.0,0.0,0.004237129402223484,1.0,-0.46811566487029754,0.5318843351297025
BNBUPUSDT,XMRUSDT,0.0,-1.8397357340181157,0.0,0.003998985739050892,2.0,0.2991557608660382,-0.7008442391339619
BNBUSDT,COMPUSDT,0.0,0.0,0.0,0.0031256273568144866,1.0,-0.5071047094494718,0.4928952905505281
