S1,S2,VECM(q),mu,Johansen_slope,stdev,model,w1,w2
AAVEUSDT,BNBUPUSDT,1.0,-5.134835554388052,0.0,0.003647843873488241,3.0,-0.9395595362312679,0.060440463768732015
AAVEUSDT,KSMUSDT,0.0,-5.92090828614292,0.0,0.004032713487533773,2.0,-0.8258253062939243,-0.17417469370607574
BCHUSDT,XMRUSDT,0.0,0.0,0.0,0.0008668462299692191,1.0,-0.4645219361825638,0.5354780638174362
BNBUPUSDT,BNBUSDT,1.0,-1.8590203274827686,0.0,0.0012243730314828937,2.0,0.3127897819931123,-0.6872102180068878
BNBUSDT,LTCUSDT,0.0,-2.4844960243305048,0.0,0.0019082517787288535,2.0,0.2534931813429609,-0.746506818657039
