S1,S2,VECM(q),mu,Johansen_slope,stdev,model,w1,w2
AAVEUSDT,LTCUSDT,1.0,1.2503583927812352,4.9833000861023264e-05,0.0011886614989099695,4.0,-0.35804092616471006,0.64195907383529
BNBUPUSDT,BNBUSDT,0.0,-1.849333526105465,0.0,0.0012984911244324387,2.0,0.3135608588642185,-0.6864391411357815
BNBUSDT,KSMUSDT,2.0,-5.958152560894577,0.0,0.003746334862581992,2.0,-0.3942737015531229,-0.6057262984468771
COMPUSDT,KSMUSDT,2.0,-6.033446374808301,0.0,0.0032459100040340355,2.0,-0.5355817255096228,-0.46441827449037726
DASHUSDT,KSMUSDT,2.0,-5.438665496481729,0.0,0.00338219959112933,2.0,-0.85293986003539,-0.14706013996460993
