S1,S2,VECM(q),mu,Johansen_slope,stdev,model,w1,w2
AUTOUSDT,BNBUSDT,1.0,-0.8054763867405408,0.0,0.004399207324100593,3.0,-0.5050816548737014,0.49491834512629856
AUTOUSDT,DASHUSDT,1.0,1.6884501920072414,0.0,0.006025757381062878,2.0,0.5549281980097659,-0.44507180199023405
AUTOUSDT,LTCUSDT,0.0,-1.4199842759245647,0.0,0.00533550248130831,2.0,-0.5309856491106403,0.46901435088935967
BCHUSDT,LTCUSDT,0.0,-0.5848968764061698,0.0,0.0034914591475560005,2.0,-0.49209328509102757,0.5079067149089724
BNBUPUSDT,SOLUSDT,0.0,-0.4863806904157986,0.0,0.005469708701958716,3.0,-0.43119380372076893,0.5688061962792311
BNBUSDT,SOLUSDT,0.0,-1.722135604880893,0.0,0.004093456275273077,3.0,-0.5624285784929075,0.4375714215070925
BNBUSDT,XMRUSDT,1.0,0.0,0.0,0.0047089166806419305,1.0,-0.490561974720411,0.5094380252795889
