S1,S2,VECM(q),mu,Johansen_slope,stdev,model,w1,w2
BCHUSDT,DASHUSDT,0.0,0.0,0.0,0.0018242986827356799,1.0,-0.43848327623340494,0.561516723766595
BNBUPUSDT,BNBUSDT,0.0,-2.341883069882506,0.0,0.00042170596531828156,2.0,0.3039014654958941,-0.6960985345041059
BNBUPUSDT,COMPUSDT,0.0,1.2989448442536284,0.00014817649096913836,0.0021213508840699563,5.0,-0.40957890865022173,0.5904210913497783
BNBUSDT,COMPUSDT,0.0,-1.203368322855066,9.632114428122208e-05,0.0012914756936206733,5.0,-0.612736992175103,0.387263007824897
BNBUSDT,LTCUSDT,0.0,0.0,0.0,0.0011411755008817399,1.0,-0.45947923990180445,0.5405207600981955
