S1,S2,VECM(q),mu,Johansen_slope,stdev,model,w1,w2
AAVEUSDT,BNBUSDT,0.0,0.9665064443294523,7.203179987381637e-05,0.0013340070094193894,4.0,-0.4221190888028935,0.5778809111971066
AAVEUSDT,COMPUSDT,0.0,-2.090170970029877,0.0001429678295853585,0.002288340381211777,4.0,-0.6760925856429683,0.3239074143570318
AAVEUSDT,LTCUSDT,0.0,5.504076527319907,0.0,0.00420175202750571,3.0,0.34044430269761794,0.6595556973023821
AUTOUSDT,BNBUPUSDT,0.0,-3.027357692567925,0.0,0.001699270641723141,2.0,-0.6873308360459194,0.3126691639540806
AUTOUSDT,BNBUSDT,1.0,0.0,0.0,0.001084696962150477,1.0,-0.4594521318371812,0.5405478681628187
BNBUPUSDT,BNBUSDT,0.0,-2.502744181390729,0.0,0.0009068997045590963,2.0,0.2952025718633442,-0.7047974281366558
DASHUSDT,KSMUSDT,1.0,5.744894795074142,0.0,0.005231664124813896,3.0,0.4575589829476445,0.5424410170523555
DASHUSDT,SOLUSDT,0.0,-5.360721748317318,0.0,0.009210742097800461,3.0,-0.9794876145375618,-0.020512385462438165
