S1,S2,VECM(q),mu,Johansen_slope,stdev,model,w1,w2
AAVEUSDT,BCHUSDT,0.0,1.1640277863318709,0.0,0.0016487752772061186,2.0,-0.43234256953016975,0.5676574304698302
AUTOUSDT,BCHUSDT,0.0,0.0,0.0,0.0031631168529653786,1.0,-0.46926935083384774,0.5307306491661523
AUTOUSDT,COMPUSDT,0.0,-0.6938444229227667,0.0,0.0030463271567380957,2.0,-0.49598073327474246,0.5040192667252575
AUTOUSDT,KSMUSDT,0.0,0.0,0.0,0.004287045410746054,1.0,-0.4422429686922304,0.5577570313077695
BNBUPUSDT,COMPUSDT,0.0,0.36337496089714005,0.0,0.0046955464603418975,3.0,-0.46663594664780744,0.5333640533521925
