S1,S2,VECM(q),mu,Johansen_slope,stdev,model,w1,w2
AAVEUSDT,BCHUSDT,0.0,-1.471108812967033,0.0,0.0016724591573104742,2.0,0.39261988464071823,-0.6073801153592818
BCHUSDT,DASHUSDT,0.0,-1.3227894949797125,0.0,0.0013621903821224388,2.0,-0.5753397249820703,0.42466027501792963
BCHUSDT,LTCUSDT,0.0,-0.8776044684451558,0.0,0.001211787844096502,2.0,-0.533044251890117,0.4669557481098831
BNBUSDT,KSMUSDT,0.0,6.2215200174196506,-0.0002943193848569979,0.006248300506169694,5.0,0.16030696663574753,0.8396930333642525
KSMUSDT,SOLUSDT,0.0,0.0,0.0,0.003932022601470159,1.0,-0.31790822842242755,0.6820917715775725
LTCUSDT,SOLUSDT,0.0,0.0,0.0,0.003436507025233059,1.0,-0.357770127466991,0.642229872533009
